event_id,slot,timestamp,raw_curtailment_MW,allocated_curtailment_kW,dispatch_target_kW,global_scale_kW_per_MW
0,0,2025-05-18 10:30:00,7639.253755238477,219.20191648978536,175.3615331918283,0.02869415305643849
0,1,2025-05-18 10:45:00,8175.802004793073,234.5977140846691,187.67817126773528,0.02869415305643849
0,2,2025-05-18 11:00:00,7603.79445414655,218.18444187697926,174.54755350158342,0.02869415305643849
0,3,2025-05-18 11:15:00,8287.559710139016,237.80450678710193,190.24360542968157,0.02869415305643849
0,4,2025-05-18 11:30:00,8820.99047877157,253.11085090725805,202.48868072580646,0.02869415305643849
0,5,2025-05-18 11:45:00,9208.54213338284,264.2313174019498,211.38505392155986,0.02869415305643849
0,6,2025-05-18 12:00:00,9168.447247705999,263.0808286155581,210.4646628924465,0.02869415305643849
0,7,2025-05-18 12:15:00,9432.034070338394,270.64422924783236,216.5153833982659,0.02869415305643849
0,8,2025-05-18 12:30:00,9486.195231649619,272.19833790021113,217.7586703201689,0.02869415305643849
0,9,2025-05-18 12:45:00,9703.922607368286,278.44584054365924,222.7566724349274,0.02869415305643849
0,10,2025-05-18 13:00:00,9409.940458675695,270.0102717732134,216.00821741857072,0.02869415305643849
0,11,2025-05-18 13:15:00,9421.648048377623,270.3462111440425,216.27696891523402,0.02869415305643849
0,12,2025-05-18 13:30:00,9142.563176588856,262.3381071171991,209.8704856937593,0.02869415305643849
0,13,2025-05-18 13:45:00,8608.809144236513,247.02248721838976,197.61798977471182,0.02869415305643849
0,14,2025-05-18 14:00:00,8798.973242039743,252.47908494659518,201.98326795727615,0.02869415305643849
0,15,2025-05-18 14:15:00,8837.76605803454,253.59221194624013,202.8737695569921,0.02869415305643849
0,16,2025-05-18 14:30:00,8769.605079311226,251.63639039027672,201.30911231222137,0.02869415305643849
0,17,2025-05-18 14:45:00,8992.9039162676,258.0437613952276,206.43500911618207,0.02869415305643849
0,18,2025-05-18 15:00:00,8939.10811157966,256.5001363417176,205.2001090733741,0.02869415305643849
0,19,2025-05-18 15:15:00,8704.51069217045,249.76856208254424,199.8148496660354,0.02869415305643849
0,20,2025-05-18 15:30:00,8037.56395612226,230.63109035788537,184.5048722863083,0.02869415305643849
0,21,2025-05-18 15:45:00,7678.740412428517,220.33495267488348,176.26796213990679,0.02869415305643849
0,22,2025-05-18 16:00:00,8466.949949145897,242.95195776199645,194.36156620959719,0.02869415305643849
0,23,2025-05-18 16:15:00,8312.929311281705,238.53246600527103,190.82597280421683,0.02869415305643849
1,0,2025-03-18 11:15:00,6753.784413836084,193.7941236808013,155.03529894464106,0.02869415305643849
1,1,2025-03-18 11:30:00,6780.631160650097,194.56446834295002,155.65157467436003,0.02869415305643849
1,2,2025-03-18 11:45:00,6945.539311288259,199.2963680576157,159.43709444609257,0.02869415305643849
1,3,2025-03-18 12:00:00,7060.14969542604,202.58501596192238,162.06801276953792,0.02869415305643849
1,4,2025-03-18 12:15:00,7382.886587236059,211.8456777324783,169.47654218598265,0.02869415305643849
1,5,2025-03-18 12:30:00,7595.724325765914,217.95287637804017,174.36230110243216,0.02869415305643849
1,6,2025-03-18 12:45:00,8059.474188318946,231.2597859140392,185.00782873123137,0.02869415305643849
1,7,2025-03-18 13:00:00,8266.275505888467,237.19377457265216,189.75501965812174,0.02869415305643849
1,8,2025-03-18 13:15:00,8730.819463837894,250.52347000349675,200.41877600279742,0.02869415305643849
1,9,2025-03-18 13:30:00,8997.779622184089,258.18366564705354,206.54693251764286,0.02869415305643849
1,10,2025-03-18 13:45:00,9122.80065632831,261.7710383360621,209.41683066884968,0.02869415305643849
1,11,2025-03-18 14:00:00,9118.60688324787,261.65070156940794,209.32056125552637,0.02869415305643849
1,12,2025-03-18 14:15:00,9678.524289722753,277.71705732976227,222.17364586380984,0.02869415305643849
1,13,2025-03-18 14:30:00,9459.814514040503,271.4413655513965,217.1530924411172,0.02869415305643849
1,14,2025-03-18 14:45:00,9721.160997394602,278.9404815455209,223.15238523641676,0.02869415305643849
1,15,2025-03-18 15:00:00,9694.883780431197,278.1864790600758,222.54918324806064,0.02869415305643849
1,16,2025-03-18 15:15:00,9524.229565155425,273.2897008872264,218.63176070978113,0.02869415305643849
1,17,2025-03-18 15:30:00,9436.676380709898,270.7774364121678,216.62194912973425,0.02869415305643849
1,18,2025-03-18 15:45:00,9133.33605122685,262.0733425697908,209.65867405583265,0.02869415305643849
1,19,2025-03-18 16:00:00,10047.346523233933,288.30009894874956,230.64007915899967,0.02869415305643849
1,20,2025-03-18 16:15:00,10455.0916491569,300.0,240.0,0.02869415305643849
1,21,2025-03-18 16:30:00,9668.637589583728,277.43336684275,221.9466934742,0.02869415305643849
1,22,2025-03-18 16:45:00,9292.892580212974,266.65168203367267,213.32134562693815,0.02869415305643849
1,23,2025-03-18 17:00:00,7585.47909906123,217.65889827487808,174.1271186199025,0.02869415305643849
2,0,2025-03-29 10:15:00,7174.820947674154,205.8754104251032,164.7003283400826,0.02869415305643849
2,1,2025-03-29 10:30:00,7617.000523463612,218.56337885123696,174.85070308098958,0.02869415305643849
2,2,2025-03-29 10:45:00,7906.3191615381,226.86513213422668,181.49210570738137,0.02869415305643849
2,3,2025-03-29 11:00:00,7806.572058160799,224.00297348298201,179.20237878638562,0.02869415305643849
2,4,2025-03-29 11:15:00,7859.416718744491,225.519306261986,180.4154450095888,0.02869415305643849
2,5,2025-03-29 11:30:00,8214.916730213505,235.7200780026435,188.57606240211481,0.02869415305643849
2,6,2025-03-29 11:45:00,8591.015666260379,246.51191843793617,197.20953475034895,0.02869415305643849
2,7,2025-03-29 12:00:00,8904.20497942667,255.49862052557057,204.39889642045648,0.02869415305643849
2,8,2025-03-29 12:15:00,8964.416546353334,257.2263404427323,205.78107235418585,0.02869415305643849
2,9,2025-03-29 12:30:00,9301.644562254387,266.90281274591615,213.52225019673293,0.02869415305643849
2,10,2025-03-29 12:45:00,9537.06112408687,273.65789160315796,218.9263132825264,0.02869415305643849
2,11,2025-03-29 13:00:00,9216.241603568727,264.4522471779172,211.56179774233374,0.02869415305643849
2,12,2025-03-29 13:15:00,9511.782182236331,272.9325337765938,218.34602702127506,0.02869415305643849
2,13,2025-03-29 13:30:00,9503.889657558104,272.70606446547504,218.16485157238003,0.02869415305643849
2,14,2025-03-29 13:45:00,9441.181375296235,270.9067034163466,216.7253627330773,0.02869415305643849
2,15,2025-03-29 14:00:00,9088.486263003133,260.7864158819506,208.62913270556047,0.02869415305643849
2,16,2025-03-29 14:15:00,9054.09393095539,259.7995570422048,207.83964563376387,0.02869415305643849
2,17,2025-03-29 14:30:00,9016.964303188515,258.7341538201335,206.9873230561068,0.02869415305643849
2,18,2025-03-29 14:45:00,9063.988215223333,260.08346514937307,208.06677211949847,0.02869415305643849
2,19,2025-03-29 15:00:00,9108.250330488672,261.3535290593984,209.08282324751872,0.02869415305643849
2,20,2025-03-29 15:15:00,8570.411735144999,245.92070608494717,196.73656486795775,0.02869415305643849
2,21,2025-03-29 15:30:00,8111.413177679951,232.75013122436062,186.20010497948851,0.02869415305643849
2,22,2025-03-29 15:45:00,7411.663326769999,212.67140190113042,170.13712152090434,0.02869415305643849
2,23,2025-03-29 16:00:00,7160.735733174806,205.47124712442618,164.37699769954096,0.02869415305643849
3,0,2025-04-05 10:15:00,7022.721348192196,201.51104123774493,161.20883299019596,0.02869415305643849
3,1,2025-04-05 10:30:00,7416.760481324666,212.81766043407438,170.25412834725952,0.02869415305643849
3,2,2025-04-05 10:45:00,7805.512016079956,223.972556473268,179.1780451786144,0.02869415305643849
3,3,2025-04-05 11:00:00,7551.006612677179,216.66973947433812,173.3357915794705,0.02869415305643849
3,4,2025-04-05 11:15:00,7862.642698723456,225.61187302525943,180.48949842020755,0.02869415305643849
3,5,2025-04-05 11:30:00,8191.240089298917,235.040696844378,188.03255747550241,0.02869415305643849
3,6,2025-04-05 11:45:00,8240.458222143769,236.4529694813803,189.16237558510426,0.02869415305643849
3,7,2025-04-05 12:00:00,8226.765363432243,236.0600644977316,188.8480515981853,0.02869415305643849
3,8,2025-04-05 12:15:00,8516.009746313994,244.35968709085566,195.48774967268454,0.02869415305643849
3,9,2025-04-05 12:30:00,8502.897591355364,243.983444909573,195.1867559276584,0.02869415305643849
3,10,2025-04-05 12:45:00,8668.626621399175,248.73889906354518,198.99111925083616,0.02869415305643849
3,11,2025-04-05 13:00:00,8460.41407714354,242.76441645040353,194.21153316032283,0.02869415305643849
3,12,2025-04-05 13:15:00,8717.25853712338,250.13435069676333,200.10748055741067,0.02869415305643849
3,13,2025-04-05 13:30:00,8673.32400617836,248.87368654136412,199.0989492330913,0.02869415305643849
3,14,2025-04-05 13:45:00,8775.44922931004,251.80408332482745,201.44326665986196,0.02869415305643849
3,15,2025-04-05 14:00:00,8735.276742922304,250.65136785176009,200.52109428140807,0.02869415305643849
3,16,2025-04-05 14:15:00,9132.95294414909,262.0623496366645,209.64987970933163,0.02869415305643849
3,17,2025-04-05 14:30:00,8548.786370302898,245.3001845562666,196.24014764501328,0.02869415305643849
3,18,2025-04-05 14:45:00,8591.734751132959,246.53255196933057,197.22604157546448,0.02869415305643849
3,19,2025-04-05 15:00:00,8268.347198285222,237.25322003137055,189.80257602509644,0.02869415305643849
3,20,2025-04-05 15:15:00,7797.33284380135,223.73786205203072,178.9902896416246,0.02869415305643849
3,21,2025-04-05 15:30:00,7575.139518947596,217.36221278055817,173.88977022444655,0.02869415305643849
3,22,2025-04-05 15:45:00,7492.881000317976,215.00187425680394,172.00149940544316,0.02869415305643849
3,23,2025-04-05 16:00:00,7095.774931726487,203.60725194499918,162.88580155599936,0.02869415305643849
4,0,2025-03-15 11:15:00,6166.478643664494,176.9418820205682,141.55350561645454,0.02869415305643849
4,1,2025-03-15 11:30:00,6677.293759490323,191.59928913761692,153.27943131009354,0.02869415305643849
4,2,2025-03-15 11:45:00,6610.505648574734,189.68286086065459,151.74628868852366,0.02869415305643849
4,3,2025-03-15 12:00:00,6427.1995332262595,184.42304713066432,147.53843770453145,0.02869415305643849
4,4,2025-03-15 12:15:00,6420.568698575221,184.23278094629546,147.3862247570364,0.02869415305643849
4,5,2025-03-15 12:30:00,6528.087120600583,187.31793100427797,149.85434480342238,0.02869415305643849
4,6,2025-03-15 12:45:00,6855.753602300771,196.72004318164784,157.37603454531828,0.02869415305643849
4,7,2025-03-15 13:00:00,7531.57037566075,216.1120331145475,172.889626491638,0.02869415305643849
4,8,2025-03-15 13:15:00,7390.010891476787,212.05010360878236,169.6400828870259,0.02869415305643849
4,9,2025-03-15 13:30:00,7649.0463722102395,219.4829073399962,175.58632587199696,0.02869415305643849
4,10,2025-03-15 13:45:00,7429.0539226520605,213.17041032111297,170.53632825689039,0.02869415305643849
4,11,2025-03-15 14:00:00,7935.9083797870235,227.71416969148163,182.1713357531853,0.02869415305643849
4,12,2025-03-15 14:15:00,8641.674735162967,247.96553751472374,198.372430011779,0.02869415305643849
4,13,2025-03-15 14:30:00,8699.713009286237,249.63089663554837,199.70471730843872,0.02869415305643849
4,14,2025-03-15 14:45:00,8900.406230197266,255.38961863375906,204.31169490700725,0.02869415305643849
4,15,2025-03-15 15:00:00,9744.410828079834,279.6076157457393,223.68609259659144,0.02869415305643849
4,16,2025-03-15 15:15:00,9416.175774701003,270.18918888559887,216.1513511084791,0.02869415305643849
4,17,2025-03-15 15:30:00,9689.515907695028,278.0324524981966,222.4259619985573,0.02869415305643849
4,18,2025-03-15 15:45:00,9680.665501897109,277.7784975996196,222.22279807969568,0.02869415305643849
4,19,2025-03-15 16:00:00,9949.95053104148,285.50540344169565,228.40432275335652,0.02869415305643849
4,20,2025-03-15 16:15:00,9968.503121476237,286.037754311224,228.8302034489792,0.02869415305643849
4,21,2025-03-15 16:30:00,9524.52502304711,273.29817880119214,218.63854304095372,0.02869415305643849
4,22,2025-03-15 16:45:00,8683.4490641672,249.1642165050012,199.33137320400098,0.02869415305643849
4,23,2025-03-15 17:00:00,7256.078445532847,208.20702550564377,166.56562040451502,0.02869415305643849
5,0,2025-03-20 11:00:00,6987.961178084447,200.51362759640534,160.4109020771243,0.02869415305643849
5,1,2025-03-20 11:15:00,7045.13216266,202.15410057820355,161.72328046256285,0.02869415305643849
5,2,2025-03-20 11:30:00,6674.862159122557,191.52951642449216,153.22361313959374,0.02869415305643849
5,3,2025-03-20 11:45:00,7169.235010079757,205.71512667680588,164.57210134144472,0.02869415305643849
5,4,2025-03-20 12:00:00,7203.037317209026,206.68505525123388,165.34804420098712,0.02869415305643849
5,5,2025-03-20 12:15:00,7478.085720153365,214.5773362232477,171.66186897859816,0.02869415305643849
5,6,2025-03-20 12:30:00,7586.99111071417,217.70228416867064,174.16182733493653,0.02869415305643849
5,7,2025-03-20 12:45:00,7732.627282000986,221.88119075812824,177.5049526065026,0.02869415305643849
5,8,2025-03-20 13:00:00,7526.47964329075,215.96595886075335,172.77276708860268,0.02869415305643849
5,9,2025-03-20 13:15:00,7511.442943696937,215.53449350114477,172.4275948009158,0.02869415305643849
5,10,2025-03-20 13:30:00,7697.032531636629,220.85982954316765,176.68786363453412,0.02869415305643849
5,11,2025-03-20 13:45:00,7726.834282019313,221.71496552999818,177.37197242399856,0.02869415305643849
5,12,2025-03-20 14:00:00,8773.190052181484,251.73925815051908,201.39140652041527,0.02869415305643849
5,13,2025-03-20 14:15:00,9166.877888637033,263.03579718623274,210.4286377489862,0.02869415305643849
5,14,2025-03-20 14:30:00,9151.723614949546,262.6009581375848,210.08076651006786,0.02869415305643849
5,15,2025-03-20 14:45:00,9306.472479848397,267.04134575230256,213.63307660184205,0.02869415305643849
5,16,2025-03-20 15:00:00,8944.717437735977,256.66109120499044,205.32887296399235,0.02869415305643849
5,17,2025-03-20 15:15:00,8186.328301128659,234.89975724283983,187.91980579427187,0.02869415305643849
5,18,2025-03-20 15:30:00,8184.140372691644,234.8369764893916,187.86958119151328,0.02869415305643849
5,19,2025-03-20 15:45:00,7663.156114418641,219.88777444251093,175.91021955400876,0.02869415305643849
5,20,2025-03-20 16:00:00,9351.780380986054,268.3414176022125,214.67313408177003,0.02869415305643849
5,21,2025-03-20 16:15:00,8153.431833177194,233.95582095642425,187.1646567651394,0.02869415305643849
5,22,2025-03-20 16:30:00,7178.939550591051,205.99359024757936,164.7948721980635,0.02869415305643849
5,23,2025-03-20 16:45:00,6519.142495462359,187.06127256152928,149.64901804922343,0.02869415305643849
6,0,2025-03-09 10:45:00,6548.071384129999,187.89136252071123,150.313090016569,0.02869415305643849
6,1,2025-03-09 11:00:00,6298.347144869566,180.7257369774697,144.58058958197577,0.02869415305643849
6,2,2025-03-09 11:15:00,6654.475109005088,190.9445272880522,152.75562183044175,0.02869415305643849
6,3,2025-03-09 11:30:00,6904.055119335026,198.10601430428693,158.48481144342955,0.02869415305643849
6,4,2025-03-09 11:45:00,7070.9970989367575,202.89627301852386,162.3170184148191,0.02869415305643849
6,5,2025-03-09 12:00:00,6857.319989433333,196.76498933377522,157.4119914670202,0.02869415305643849
6,6,2025-03-09 12:15:00,7115.244912168797,204.16592654381668,163.33274123505336,0.02869415305643849
6,7,2025-03-09 12:30:00,7412.220715251763,212.68739569153806,170.14991655323047,0.02869415305643849
6,8,2025-03-09 12:45:00,7482.44069697706,214.70229859478405,171.76183887582727,0.02869415305643849
6,9,2025-03-09 13:00:00,7402.236229800146,212.4008993377996,169.92071947023967,0.02869415305643849
6,10,2025-03-09 13:15:00,7542.60581219186,216.42868561941577,173.14294849553264,0.02869415305643849
6,11,2025-03-09 13:30:00,7594.89388370169,217.92904754634483,174.34323803707588,0.02869415305643849
6,12,2025-03-09 13:45:00,7879.156088463334,226.08571075793608,180.86856860634887,0.02869415305643849
6,13,2025-03-09 14:00:00,7463.0884874234,214.14700333187105,171.31760266549685,0.02869415305643849
6,14,2025-03-09 14:15:00,7883.37568222747,226.2067884272402,180.96543074179218,0.02869415305643849
6,15,2025-03-09 14:30:00,8683.1794712747,249.15648076528086,199.3251846122247,0.02869415305643849
6,16,2025-03-09 14:45:00,9018.55328235548,258.77974823155387,207.0237985852431,0.02869415305643849
6,17,2025-03-09 15:00:00,8299.484742196802,238.146685482171,190.5173483857368,0.02869415305643849
6,18,2025-03-09 15:15:00,8366.155107848792,240.0597351585179,192.04778812681434,0.02869415305643849
6,19,2025-03-09 15:30:00,8003.9686764690605,229.66710226154262,183.7336818092341,0.02869415305643849
6,20,2025-03-09 15:45:00,7930.984610055467,227.57288628918968,182.05830903135177,0.02869415305643849
6,21,2025-03-09 16:00:00,9011.542998758434,258.57859408105116,206.86287526484094,0.02869415305643849
6,22,2025-03-09 16:15:00,8039.473012096726,230.68586910221,184.548695281768,0.02869415305643849
6,23,2025-03-09 16:30:00,7125.8167609496195,204.46927679082313,163.57542143265852,0.02869415305643849
7,0,2025-04-20 10:30:00,5457.155704821676,156.58846104696966,125.27076883757573,0.02869415305643849
7,1,2025-04-20 10:45:00,6045.88546093555,173.48156277778085,138.78525022222468,0.02869415305643849
7,2,2025-04-20 11:00:00,5352.268262036257,153.57880470998637,122.8630437679891,0.02869415305643849
7,3,2025-04-20 11:15:00,5565.197598458453,159.68863167949075,127.7509053435926,0.02869415305643849
7,4,2025-04-20 11:30:00,5825.924250993766,167.1699621532319,133.7359697225855,0.02869415305643849
7,5,2025-04-20 11:45:00,5870.973284379364,168.46260601224284,134.77008480979427,0.02869415305643849
7,6,2025-04-20 12:00:00,6391.385546610537,183.39539511715154,146.71631609372125,0.02869415305643849
7,7,2025-04-20 12:15:00,7405.810789679497,212.5034683060871,170.00277464486967,0.02869415305643849
7,8,2025-04-20 12:30:00,7608.1701986226135,218.3100001587113,174.64800012696904,0.02869415305643849
7,9,2025-04-20 12:45:00,8267.22784127908,237.2211010301115,189.7768808240892,0.02869415305643849
7,10,2025-04-20 13:00:00,8715.147425970446,250.0737741502219,200.05901932017753,0.02869415305643849
7,11,2025-04-20 13:15:00,9060.110531135966,259.97219828866565,207.97775863093253,0.02869415305643849
7,12,2025-04-20 13:30:00,9345.964717770838,268.17454207179037,214.53963365743232,0.02869415305643849
7,13,2025-04-20 13:45:00,9108.860724032977,261.37104378518336,209.0968350281467,0.02869415305643849
7,14,2025-04-20 14:00:00,8889.642354808218,255.0807583458653,204.06460667669225,0.02869415305643849
7,15,2025-04-20 14:15:00,9043.582261779628,259.4979335979968,207.59834687839745,0.02869415305643849
7,16,2025-04-20 14:30:00,8708.889000158248,249.89419392207432,199.91535513765947,0.02869415305643849
7,17,2025-04-20 14:45:00,8908.716061565812,255.6280622069213,204.50244976553705,0.02869415305643849
7,18,2025-04-20 15:00:00,7866.433844141499,225.72065673214396,180.57652538571517,0.02869415305643849
7,19,2025-04-20 15:15:00,7810.7016968084745,224.12146996640618,179.29717597312495,0.02869415305643849
7,20,2025-04-20 15:30:00,7079.06120997288,203.12766585485846,162.50213268388677,0.02869415305643849
7,21,2025-04-20 15:45:00,6812.623488337763,195.48246109025166,156.38596887220135,0.02869415305643849
7,22,2025-04-20 16:00:00,6540.677832659829,187.6792108231955,150.1433686585564,0.02869415305643849
7,23,2025-04-20 16:15:00,5679.457059412341,162.96721014024777,130.37376811219823,0.02869415305643849
8,0,2025-04-19 10:30:00,5864.587831693396,168.27938085553703,134.62350468442963,0.02869415305643849
8,1,2025-04-19 10:45:00,6109.763060752043,175.3144764037932,140.25158112303458,0.02869415305643849
8,2,2025-04-19 11:00:00,5897.986332721285,169.2377225558869,135.39017804470953,0.02869415305643849
8,3,2025-04-19 11:15:00,6598.245860220544,189.33107661717995,151.46486129374395,0.02869415305643849
8,4,2025-04-19 11:30:00,6713.2001209283835,192.62959176842043,154.10367341473636,0.02869415305643849
8,5,2025-04-19 11:45:00,6968.260142351018,199.94832306169997,159.95865844935997,0.02869415305643849
8,6,2025-04-19 12:00:00,6483.027672224013,186.024988295922,148.8199906367376,0.02869415305643849
8,7,2025-04-19 12:15:00,7099.956516162753,203.72723896883184,162.9817911750655,0.02869415305643849
8,8,2025-04-19 12:30:00,6879.269475294765,197.39481124059327,157.91584899247462,0.02869415305643849
8,9,2025-04-19 12:45:00,7526.526891078988,215.96731459602063,172.77385167681652,0.02869415305643849
8,10,2025-04-19 13:00:00,6800.660684592781,195.139198568609,156.11135885488721,0.02869415305643849
8,11,2025-04-19 13:15:00,7334.777400785377,210.46522537304168,168.37218029843336,0.02869415305643849
8,12,2025-04-19 13:30:00,7324.124995588354,210.1595636278991,168.1276509023193,0.02869415305643849
8,13,2025-04-19 13:45:00,7919.5516444452505,227.24482702408116,181.79586161926494,0.02869415305643849
8,14,2025-04-19 14:00:00,8075.2591254126755,231.71272131499293,185.37017705199435,0.02869415305643849
8,15,2025-04-19 14:15:00,8199.482609906736,235.2772089922696,188.2217671938157,0.02869415305643849
8,16,2025-04-19 14:30:00,8220.81872426747,235.8894307233662,188.71154457869295,0.02869415305643849
8,17,2025-04-19 14:45:00,8337.392674904835,239.23442150534845,191.38753720427877,0.02869415305643849
8,18,2025-04-19 15:00:00,7948.901082728055,228.08698429828846,182.46958743863078,0.02869415305643849
8,19,2025-04-19 15:15:00,7364.884244105251,211.32911574330836,169.0632925946467,0.02869415305643849
8,20,2025-04-19 15:30:00,6934.380128207202,198.976164750303,159.18093180024243,0.02869415305643849
8,21,2025-04-19 15:45:00,6320.452776721894,181.36003936124968,145.08803148899975,0.02869415305643849
8,22,2025-04-19 16:00:00,6504.888830373816,186.65227571386342,149.32182057109074,0.02869415305643849
8,23,2025-04-19 16:15:00,5667.077878097959,162.6120000168995,130.0896000135196,0.02869415305643849
9,0,2025-04-06 10:15:00,6055.267734320833,173.7507791663155,139.0006233330524,0.02869415305643849
9,1,2025-04-06 10:30:00,6558.68120197888,188.19580225796796,150.55664180637436,0.02869415305643849
9,2,2025-04-06 10:45:00,6523.057193189226,187.17360149727372,149.73888119781898,0.02869415305643849
9,3,2025-04-06 11:00:00,6486.781449988022,186.13269976962232,148.90615981569786,0.02869415305643849
9,4,2025-04-06 11:15:00,6563.03815631432,188.32082137252897,150.65665709802317,0.02869415305643849
9,5,2025-04-06 11:30:00,6595.230135843423,189.2445429603268,151.39563436826145,0.02869415305643849
9,6,2025-04-06 11:45:00,6708.013790548113,192.48077441068767,153.98461952855016,0.02869415305643849
9,7,2025-04-06 12:00:00,6491.8442872284395,186.27797359629866,149.02237887703893,0.02869415305643849
9,8,2025-04-06 12:15:00,6935.2198302344505,199.00025928879467,159.20020743103575,0.02869415305643849
9,9,2025-04-06 12:30:00,7163.595079318719,205.55329364032096,164.44263491225678,0.02869415305643849
9,10,2025-04-06 12:45:00,7164.121782215637,205.56840693386036,164.4547255470883,0.02869415305643849
9,11,2025-04-06 13:00:00,6983.345577178868,200.3811868375732,160.30494947005857,0.02869415305643849
9,12,2025-04-06 13:15:00,7044.72702030965,202.14247536159294,161.71398028927436,0.02869415305643849
9,13,2025-04-06 13:30:00,7048.88851578537,202.26188594971694,161.80950875977356,0.02869415305643849
9,14,2025-04-06 13:45:00,7037.469083052077,201.9342149990501,161.5473719992401,0.02869415305643849
9,15,2025-04-06 14:00:00,6810.1624415044835,195.4118434357385,156.3294747485908,0.02869415305643849
9,16,2025-04-06 14:15:00,6867.649198778437,197.0613772476756,157.6491017981405,0.02869415305643849
9,17,2025-04-06 14:30:00,6881.045304963963,197.4457671689234,157.95661373513872,0.02869415305643849
9,18,2025-04-06 14:45:00,6800.289721138227,195.1285540864657,156.10284326917258,0.02869415305643849
9,19,2025-04-06 15:00:00,6795.230694501076,194.9833896018227,155.98671168145816,0.02869415305643849
9,20,2025-04-06 15:15:00,6974.360243287413,200.12336029162861,160.0986882333029,0.02869415305643849
9,21,2025-04-06 15:30:00,6831.326108387941,196.01911693252788,156.8152935460223,0.02869415305643849
9,22,2025-04-06 15:45:00,6558.65720431706,188.19511366538669,150.55609093230936,0.02869415305643849
9,23,2025-04-06 16:00:00,6540.710525591702,187.68014891918654,150.14411913534923,0.02869415305643849
10,0,2025-03-08 09:45:00,5277.668017052103,151.43821386236326,121.1505710898906,0.02869415305643849
10,1,2025-03-08 10:00:00,5459.20376200624,156.64722831329186,125.31778265063349,0.02869415305643849
10,2,2025-03-08 10:15:00,5759.329758077923,165.25908958078878,132.20727166463104,0.02869415305643849
10,3,2025-03-08 10:30:00,6169.246661857213,177.02130795825312,141.6170463666025,0.02869415305643849
10,4,2025-03-08 10:45:00,6754.15221503575,193.80467742471885,155.0437419397751,0.02869415305643849
10,5,2025-03-08 11:00:00,6040.49809253943,173.32697680445116,138.66158144356095,0.02869415305643849
10,6,2025-03-08 11:15:00,6143.212709984605,176.27428575855652,141.01942860684522,0.02869415305643849
10,7,2025-03-08 11:30:00,6468.6843871146875,185.61341987766284,148.49073590213027,0.02869415305643849
10,8,2025-03-08 11:45:00,6402.772344027377,183.722129625053,146.97770370004238,0.02869415305643849
10,9,2025-03-08 12:00:00,6376.41862750951,182.96593204968332,146.37274563974665,0.02869415305643849
10,10,2025-03-08 12:15:00,6746.746492515904,193.59217648924087,154.8737411913927,0.02869415305643849
10,11,2025-03-08 12:30:00,6872.86976181,197.2111768823441,157.7689415058753,0.02869415305643849
10,12,2025-03-08 12:45:00,6977.610010626667,200.21660961305898,160.17328769044718,0.02869415305643849
10,13,2025-03-08 13:00:00,7347.3121497133325,210.82489937730446,168.65991950184358,0.02869415305643849
10,14,2025-03-08 13:15:00,7473.831927103361,214.45527723440046,171.56422178752038,0.02869415305643849
10,15,2025-03-08 13:30:00,7599.061695079654,218.04863936393448,174.4389114911476,0.02869415305643849
10,16,2025-03-08 13:45:00,7796.070852220953,223.70165027246688,178.9613202179735,0.02869415305643849
10,17,2025-03-08 14:00:00,8182.416422635841,234.7875092026287,187.83000736210298,0.02869415305643849
10,18,2025-03-08 14:15:00,7758.913834334667,222.63546111411696,178.1083688912936,0.02869415305643849
10,19,2025-03-08 14:30:00,7420.999475450967,212.9392947803398,170.35143582427185,0.02869415305643849
10,20,2025-03-08 14:45:00,7071.764583944689,202.91829535080996,162.33463628064797,0.02869415305643849
10,21,2025-03-08 15:00:00,6949.032168290425,199.39659263104008,159.51727410483207,0.02869415305643849
10,22,2025-03-08 15:15:00,6352.835596595153,182.28923695109205,145.83138956087365,0.02869415305643849
10,23,2025-03-08 15:30:00,5781.45899471386,165.8940692838425,132.715255427074,0.02869415305643849
11,0,2025-02-23 09:45:00,5916.0454708925345,169.7559142306401,135.80473138451208,0.02869415305643849
11,1,2025-02-23 10:00:00,5593.68793848642,160.5061378568832,128.4049102855066,0.02869415305643849
11,2,2025-02-23 10:15:00,5761.140575763333,165.31104946061123,132.248839568489,0.02869415305643849
11,3,2025-02-23 10:30:00,5914.671567166667,169.71649122684525,135.7731929814762,0.02869415305643849
11,4,2025-02-23 10:45:00,5934.466669806589,170.28449493176308,136.22759594541046,0.02869415305643849
11,5,2025-02-23 11:00:00,5948.947776612277,170.70001802687213,136.5600144214977,0.02869415305643849
11,6,2025-02-23 11:15:00,5940.080167810001,170.445569502655,136.356455602124,0.02869415305643849
11,7,2025-02-23 11:30:00,6109.270946142024,175.300355591852,140.2402844734816,0.02869415305643849
11,8,2025-02-23 11:45:00,6289.687822636272,180.47726505994254,144.38181204795404,0.02869415305643849
11,9,2025-02-23 12:00:00,6122.125989603333,175.669220176478,140.5353761411824,0.02869415305643849
11,10,2025-02-23 12:15:00,6190.26583415,177.624435305142,142.0995482441136,0.02869415305643849
11,11,2025-02-23 12:30:00,6442.046172940492,184.8490588829983,147.87924710639865,0.02869415305643849
11,12,2025-02-23 12:45:00,6535.951823761294,187.54360200051485,150.0348816004119,0.02869415305643849
11,13,2025-02-23 13:00:00,6849.416518954023,196.53820594216484,157.23056475373187,0.02869415305643849
11,14,2025-02-23 13:15:00,7268.181744609999,208.55431942185146,166.8434555374812,0.02869415305643849
11,15,2025-02-23 13:30:00,7566.416672097646,217.11191807795782,173.68953446236628,0.02869415305643849
11,16,2025-02-23 13:45:00,7671.363699277284,220.12328413866854,176.09862731093483,0.02869415305643849
11,17,2025-02-23 14:00:00,7758.935079144913,222.63607071595382,178.10885657276307,0.02869415305643849
11,18,2025-02-23 14:15:00,7584.316748066994,217.62554559754415,174.10043647803533,0.02869415305643849
11,19,2025-02-23 14:30:00,7408.861523296284,212.59100652342158,170.07280521873727,0.02869415305643849
11,20,2025-02-23 14:45:00,7257.59626564987,208.25057806839376,166.60046245471503,0.02869415305643849
11,21,2025-02-23 15:00:00,7752.999886812554,222.4657653987497,177.97261231899978,0.02869415305643849
11,22,2025-02-23 15:15:00,7392.746600561546,212.12860246397832,169.70288197118268,0.02869415305643849
11,23,2025-02-23 15:30:00,6500.792531175731,186.5347358777086,149.2277887021669,0.02869415305643849
12,0,2025-03-22 09:30:00,5233.367748752406,150.1670551833305,120.1336441466644,0.02869415305643849
12,1,2025-03-22 09:45:00,5886.82581705513,168.91748101117346,135.13398480893878,0.02869415305643849
12,2,2025-03-22 10:00:00,6404.775897541091,183.77961989623225,147.02369591698582,0.02869415305643849
12,3,2025-03-22 10:15:00,6590.022884658762,189.0951252978308,151.27610023826466,0.02869415305643849
12,4,2025-03-22 10:30:00,7092.53110238073,203.51417300926306,162.81133840741046,0.02869415305643849
12,5,2025-03-22 10:45:00,7421.291882872999,212.9476851636624,170.35814813092995,0.02869415305643849
12,6,2025-03-22 11:00:00,7318.993738427245,210.01232654954632,168.00986123963708,0.02869415305643849
12,7,2025-03-22 11:15:00,7367.279816860763,211.39785467461286,169.1182837396903,0.02869415305643849
12,8,2025-03-22 11:30:00,7461.921827819293,214.11352702262604,171.29082161810084,0.02869415305643849
12,9,2025-03-22 11:45:00,7444.139719047373,213.60328447185833,170.8826275774867,0.02869415305643849
12,10,2025-03-22 12:00:00,7420.403360412524,212.92218976418746,170.33775181135,0.02869415305643849
12,11,2025-03-22 12:15:00,7290.689218824671,209.20015233188107,167.36012186550488,0.02869415305643849
12,12,2025-03-22 12:30:00,7309.046742812804,209.7269059349338,167.78152474794706,0.02869415305643849
12,13,2025-03-22 12:45:00,7496.714687771263,215.1118786713591,172.0895029370873,0.02869415305643849
12,14,2025-03-22 13:00:00,6712.507088752405,192.60970579708984,154.08776463767188,0.02869415305643849
12,15,2025-03-22 13:15:00,6592.268514415952,189.15956174179172,151.32764939343338,0.02869415305643849
12,16,2025-03-22 13:30:00,6781.721657104637,194.59575921512413,155.6766073720993,0.02869415305643849
12,17,2025-03-22 13:45:00,6620.208486368462,189.96127557338963,151.9690204587117,0.02869415305643849
12,18,2025-03-22 14:00:00,5958.892673898531,170.98537843173446,136.78830274538757,0.02869415305643849
12,19,2025-03-22 14:15:00,6055.61333700391,173.76069594260042,139.00855675408033,0.02869415305643849
12,20,2025-03-22 14:30:00,5947.429051855123,170.65643950623976,136.5251516049918,0.02869415305643849
12,21,2025-03-22 14:45:00,5836.366726782907,167.46960015181364,133.97568012145092,0.02869415305643849
12,22,2025-03-22 15:00:00,5533.2323520065365,158.7714160053127,127.01713280425015,0.02869415305643849
12,23,2025-03-22 15:15:00,5106.94031038757,146.53932691635643,117.23146153308515,0.02869415305643849
13,0,2025-03-23 10:30:00,6264.669337067168,179.75938080578237,143.8075046446259,0.02869415305643849
13,1,2025-03-23 10:45:00,6305.946763756582,180.94380160498434,144.75504128398748,0.02869415305643849
13,2,2025-03-23 11:00:00,6291.999380221369,180.5435932470881,144.43487459767047,0.02869415305643849
13,3,2025-03-23 11:15:00,6542.108771421345,187.72027039903284,150.17621631922628,0.02869415305643849
13,4,2025-03-23 11:30:00,6652.653224429552,190.8922498531906,152.71379988255248,0.02869415305643849
13,5,2025-03-23 11:45:00,6656.887166819631,191.01373924416367,152.81099139533094,0.02869415305643849
13,6,2025-03-23 12:00:00,6271.167921165645,179.9458521725542,143.95668173804336,0.02869415305643849
13,7,2025-03-23 12:15:00,6688.142389181114,191.91058137841708,153.52846510273366,0.02869415305643849
13,8,2025-03-23 12:30:00,6800.825745015325,195.14393483763706,156.11514787010967,0.02869415305643849
13,9,2025-03-23 12:45:00,6834.97628193572,196.12385557099043,156.89908445679237,0.02869415305643849
13,10,2025-03-23 13:00:00,6233.398381176339,178.86208721122978,143.08966976898384,0.02869415305643849
13,11,2025-03-23 13:15:00,6311.135433712919,181.0926860948708,144.87414887589665,0.02869415305643849
13,12,2025-03-23 13:30:00,6393.556928629557,183.45770108514927,146.7661608681194,0.02869415305643849
13,13,2025-03-23 13:45:00,6561.99059710653,188.29076254828496,150.63261003862797,0.02869415305643849
13,14,2025-03-23 14:00:00,6365.521473952121,182.65324745762808,146.12259796610246,0.02869415305643849
13,15,2025-03-23 14:15:00,6540.575848590921,187.67628447671294,150.14102758137037,0.02869415305643849
13,16,2025-03-23 14:30:00,6765.808802542128,194.13915333074266,155.31132266459414,0.02869415305643849
13,17,2025-03-23 14:45:00,6917.817578771005,198.50091642177594,158.80073313742076,0.02869415305643849
13,18,2025-03-23 15:00:00,6455.974359371347,185.24871639624388,148.19897311699512,0.02869415305643849
13,19,2025-03-23 15:15:00,6066.104321367457,174.06172585364072,139.24938068291257,0.02869415305643849
13,20,2025-03-23 15:30:00,6133.985286548,176.00951265815002,140.80761012652002,0.02869415305643849
13,21,2025-03-23 15:45:00,5990.584969670806,171.89476201733402,137.51580961386722,0.02869415305643849
13,22,2025-03-23 16:00:00,6560.591822974704,188.25062590925495,150.60050072740395,0.02869415305643849
13,23,2025-03-23 16:15:00,6122.394484342621,175.67692440562195,140.54153952449755,0.02869415305643849
14,0,2025-03-30 11:15:00,3171.9018085988178,91.01503597592854,72.81202878074284,0.02869415305643849
14,1,2025-03-30 11:30:00,3955.604494729554,113.50272080250586,90.8021766420047,0.02869415305643849
14,2,2025-03-30 11:45:00,4880.11454788287,140.03075376990319,112.02460301592255,0.02869415305643849
14,3,2025-03-30 12:00:00,5266.854018562222,151.12791533454254,120.90233226763404,0.02869415305643849
14,4,2025-03-30 12:15:00,5462.579610859629,156.74409543698638,125.39527634958911,0.02869415305643849
14,5,2025-03-30 12:30:00,5925.5517761924175,170.02868960991617,136.02295168793293,0.02869415305643849
14,6,2025-03-30 12:45:00,5753.670509567916,165.09670223785824,132.0773617902866,0.02869415305643849
14,7,2025-03-30 13:00:00,6384.977993785543,183.21153581567393,146.56922865253915,0.02869415305643849
14,8,2025-03-30 13:15:00,6576.725134970194,188.71355763296083,150.97084610636867,0.02869415305643849
14,9,2025-03-30 13:30:00,7044.911174707963,202.14775951608416,161.71820761286733,0.02869415305643849
14,10,2025-03-30 13:45:00,7214.077389215766,207.00184076714936,165.6014726137195,0.02869415305643849
14,11,2025-03-30 14:00:00,7104.377094250441,203.85408371307787,163.08326697046232,0.02869415305643849
14,12,2025-03-30 14:15:00,6994.339397245887,200.69664519325121,160.55731615460098,0.02869415305643849
14,13,2025-03-30 14:30:00,6866.321358416669,197.02327599310053,157.61862079448042,0.02869415305643849
14,14,2025-03-30 14:45:00,6947.183453581768,199.34354532823218,159.47483626258577,0.02869415305643849
14,15,2025-03-30 15:00:00,6791.0413836198095,194.86318087419463,155.8905446993557,0.02869415305643849
14,16,2025-03-30 15:15:00,6230.896017260085,178.79028399801388,143.0322271984111,0.02869415305643849
14,17,2025-03-30 15:30:00,5957.494476062672,170.94525832902914,136.7562066632233,0.02869415305643849
14,18,2025-03-30 15:45:00,5669.972030269019,162.69504526226453,130.15603620981162,0.02869415305643849
14,19,2025-03-30 16:00:00,5432.555583986667,155.882581414523,124.7060651316184,0.02869415305643849
14,20,2025-03-30 16:15:00,5010.8781720706165,143.782905216561,115.02632417324881,0.02869415305643849
14,21,2025-03-30 16:30:00,4263.2846079364035,122.33134106328552,97.86507285062842,0.02869415305643849
14,22,2025-03-30 16:45:00,3353.085045380694,96.21393550340862,76.9711484027269,0.02869415305643849
14,23,2025-03-30 17:00:00,4332.979899677653,124.33118843182206,99.46495074545766,0.02869415305643849
15,0,2025-03-27 11:30:00,3934.026562120745,112.88356030158718,90.30684824126975,0.02869415305643849
15,1,2025-03-27 11:45:00,4887.669827113741,140.24754610853793,112.19803688683035,0.02869415305643849
15,2,2025-03-27 12:00:00,4094.4070491639663,117.48554254407152,93.98843403525723,0.02869415305643849
15,3,2025-03-27 12:15:00,4512.536544409741,129.48341427806514,103.58673142245212,0.02869415305643849
15,4,2025-03-27 12:30:00,4839.345453032042,138.86091912228108,111.08873529782487,0.02869415305643849
15,5,2025-03-27 12:45:00,5655.991637284763,162.2938897261851,129.8351117809481,0.02869415305643849
15,6,2025-03-27 13:00:00,5687.53755490129,163.19907311457953,130.55925849166363,0.02869415305643849
15,7,2025-03-27 13:15:00,5291.1782268182205,151.82587788921683,121.46070231137347,0.02869415305643849
15,8,2025-03-27 13:30:00,4852.799637472634,139.24697554986895,111.39758043989517,0.02869415305643849
15,9,2025-03-27 13:45:00,5038.042188317857,144.56235365638688,115.64988292510951,0.02869415305643849
15,10,2025-03-27 14:00:00,5753.038647259975,165.07857148408357,132.06285718726687,0.02869415305643849
15,11,2025-03-27 14:15:00,6200.13587346393,177.90764772388894,142.32611817911115,0.02869415305643849
15,12,2025-03-27 14:30:00,6479.029190322118,185.9102552442356,148.72820419538849,0.02869415305643849
15,13,2025-03-27 14:45:00,6704.5518351268465,192.38143653195527,153.90514922556423,0.02869415305643849
15,14,2025-03-27 15:00:00,6889.676965204707,197.6934453490025,158.15475627920202,0.02869415305643849
15,15,2025-03-27 15:15:00,6865.28080071697,196.99341807120132,157.59473445696108,0.02869415305643849
15,16,2025-03-27 15:30:00,6691.595801878324,192.0096741309179,153.6077393047343,0.02869415305643849
15,17,2025-03-27 15:45:00,6406.36275950843,183.82515355640254,147.06012284512204,0.02869415305643849
15,18,2025-03-27 16:00:00,7087.874233236137,203.3805480932643,162.70443847461146,0.02869415305643849
15,19,2025-03-27 16:15:00,7034.52638148871,201.84977666999146,161.47982133599317,0.02869415305643849
15,20,2025-03-27 16:30:00,6399.023343533333,183.61455523106824,146.89164418485458,0.02869415305643849
15,21,2025-03-27 16:45:00,5482.366269488536,157.31185684815975,125.84948547852781,0.02869415305643849
15,22,2025-03-27 17:00:00,5577.0423511132,160.02850682508173,128.0228054600654,0.02869415305643849
15,23,2025-03-27 17:15:00,3130.2124282404334,89.81879451509698,71.85503561207759,0.02869415305643849
16,0,2025-03-10 11:00:00,4378.181817756357,125.628219187617,100.50257535009361,0.02869415305643849
16,1,2025-03-10 11:15:00,4583.915248607774,131.53156574129375,105.22525259303501,0.02869415305643849
16,2,2025-03-10 11:30:00,4970.423310314073,142.6220872214417,114.09766977715336,0.02869415305643849
16,3,2025-03-10 11:45:00,5248.26085130887,150.59440014757087,120.47552011805669,0.02869415305643849
16,4,2025-03-10 12:00:00,5333.49259647887,153.04005288874623,122.43204231099699,0.02869415305643849
16,5,2025-03-10 12:15:00,5781.214515184826,165.88705415081725,132.7096433206538,0.02869415305643849
16,6,2025-03-10 12:30:00,5941.571392402077,170.48835892934156,136.39068714347326,0.02869415305643849
16,7,2025-03-10 12:45:00,5944.939988186667,170.58501793236982,136.46801434589585,0.02869415305643849
16,8,2025-03-10 13:00:00,4100.246808728293,117.65310949882311,94.1224875990585,0.02869415305643849
16,9,2025-03-10 13:15:00,6150.172648361986,176.47399529562048,141.17919623649638,0.02869415305643849
16,10,2025-03-10 13:30:00,6295.1542429427,180.634119360886,144.5072954887088,0.02869415305643849
16,11,2025-03-10 13:45:00,6479.212310715407,185.91550972882837,148.7324077830627,0.02869415305643849
16,12,2025-03-10 14:00:00,6226.168275468146,178.65462545142466,142.92370036113974,0.02869415305643849
16,13,2025-03-10 14:15:00,6402.962929030073,183.7275983002906,146.9820786402325,0.02869415305643849
16,14,2025-03-10 14:30:00,6234.76447925686,178.90128623864234,143.12102899091389,0.02869415305643849
16,15,2025-03-10 14:45:00,6211.70920148797,178.23973456958313,142.5917876556665,0.02869415305643849
16,16,2025-03-10 15:00:00,6069.167874831183,174.1496319256255,139.3197055405004,0.02869415305643849
16,17,2025-03-10 15:15:00,5898.0957873544,169.24086326388223,135.3926906111058,0.02869415305643849
16,18,2025-03-10 15:30:00,5790.99513138161,166.16770064895402,132.9341605191632,0.02869415305643849
16,19,2025-03-10 15:45:00,5193.032132816244,149.0096588460325,119.207727076826,0.02869415305643849
16,20,2025-03-10 16:00:00,5464.382164323167,156.79581818196155,125.43665454556924,0.02869415305643849
16,21,2025-03-10 16:15:00,5827.7164930305835,167.2213890205505,133.7771112164404,0.02869415305643849
16,22,2025-03-10 16:30:00,5781.26176889322,165.88841005595836,132.71072804476668,0.02869415305643849
16,23,2025-03-10 16:45:00,4694.318142454486,134.69948327520504,107.75958662016404,0.02869415305643849
17,0,2025-02-22 09:45:00,4980.611048929267,142.91441575256502,114.33153260205202,0.02869415305643849
17,1,2025-02-22 10:00:00,4483.866654034417,128.66075605552427,102.92860484441943,0.02869415305643849
17,2,2025-02-22 10:15:00,4633.18511782197,132.94532290959663,106.35625832767731,0.02869415305643849
17,3,2025-02-22 10:30:00,4479.620056248733,128.53890352869274,102.8311228229542,0.02869415305643849
17,4,2025-02-22 10:45:00,4991.18823120519,143.21791903969623,114.57433523175699,0.02869415305643849
17,5,2025-02-22 11:00:00,4823.324048119717,138.40119847754764,110.72095878203811,0.02869415305643849
17,6,2025-02-22 11:15:00,4876.105669496116,139.91572239988903,111.93257791991124,0.02869415305643849
17,7,2025-02-22 11:30:00,4860.183670830759,139.45885413322085,111.56708330657669,0.02869415305643849
17,8,2025-02-22 11:45:00,4965.06135015926,142.46823031607693,113.97458425286155,0.02869415305643849
17,9,2025-02-22 12:00:00,5145.042411372295,147.63263443378398,118.1061075470272,0.02869415305643849
17,10,2025-02-22 12:15:00,5783.666352748867,165.95740755314935,132.76592604251948,0.02869415305643849
17,11,2025-02-22 12:30:00,5858.236485498346,168.09713435570185,134.47770748456148,0.02869415305643849
17,12,2025-02-22 12:45:00,5969.561342099401,171.29150682999858,137.03320546399888,0.02869415305643849
17,13,2025-02-22 13:00:00,5485.825838514777,157.41112625130805,125.92890100104644,0.02869415305643849
17,14,2025-02-22 13:15:00,5963.843935406073,171.1274506872543,136.90196054980345,0.02869415305643849
17,15,2025-02-22 13:30:00,5780.33405358213,165.86179005082914,132.68943204066332,0.02869415305643849
17,16,2025-02-22 13:45:00,6294.690878583152,180.62082351303224,144.4966588104258,0.02869415305643849
17,17,2025-02-22 14:00:00,6864.613922545516,196.97428256687962,157.5794260535037,0.02869415305643849
17,18,2025-02-22 14:15:00,6475.736074961821,185.81576208805473,148.65260967044378,0.02869415305643849
17,19,2025-02-22 14:30:00,6399.60854976923,183.63134722837066,146.90507778269654,0.02869415305643849
17,20,2025-02-22 14:45:00,6185.955719738737,177.50076022253444,142.00060817802756,0.02869415305643849
17,21,2025-02-22 15:00:00,6412.53921726039,184.0023817804839,147.20190542438712,0.02869415305643849
17,22,2025-02-22 15:15:00,6091.397492808526,174.7874919862535,139.8299935890028,0.02869415305643849
17,23,2025-02-22 15:30:00,5405.652518884551,155.11062074679555,124.08849659743645,0.02869415305643849
18,0,2025-02-02 09:45:00,3677.8807832185666,105.53367411700742,84.42693929360594,0.02869415305643849
18,1,2025-02-02 10:00:00,3945.19315052062,113.20397609825143,90.56318087860114,0.02869415305643849
18,2,2025-02-02 10:15:00,4155.718704300761,119.24482856071027,95.39586284856823,0.02869415305643849
18,3,2025-02-02 10:30:00,4399.1151583525725,126.22888366666736,100.98310693333389,0.02869415305643849
18,4,2025-02-02 10:45:00,4731.222262814973,135.75841575324208,108.60673260259367,0.02869415305643849
18,5,2025-02-02 11:00:00,4520.5201222361675,129.71249628215463,103.76999702572371,0.02869415305643849
18,6,2025-02-02 11:15:00,4679.68862925401,134.27970178428941,107.42376142743154,0.02869415305643849
18,7,2025-02-02 11:30:00,5166.049423709604,148.2354128610492,118.58833028883937,0.02869415305643849
18,8,2025-02-02 11:45:00,4951.069049586392,142.06673310182737,113.6533864814619,0.02869415305643849
18,9,2025-02-02 12:00:00,4982.91148291387,142.98042475741545,114.38433980593237,0.02869415305643849
18,10,2025-02-02 12:15:00,5138.922388470371,147.45702555992727,117.96562044794183,0.02869415305643849
18,11,2025-02-02 12:30:00,5622.692123827823,161.33838839034675,129.07071071227742,0.02869415305643849
18,12,2025-02-02 12:45:00,5862.222561049934,168.21151141767362,134.5692091341389,0.02869415305643849
18,13,2025-02-02 13:00:00,5509.6514221986035,158.09478119619072,126.47582495695258,0.02869415305643849
18,14,2025-02-02 13:15:00,5564.730118207804,159.67521772962778,127.74017418370222,0.02869415305643849
18,15,2025-02-02 13:30:00,6117.487630185858,175.53612638142218,140.42890110513775,0.02869415305643849
18,16,2025-02-02 13:45:00,6279.757171063713,180.19231342376935,144.1538507390155,0.02869415305643849
18,17,2025-02-02 14:00:00,6748.524402176183,193.64319210115343,154.91455368092275,0.02869415305643849
18,18,2025-02-02 14:15:00,6374.464494659033,182.90985986257914,146.32788789006332,0.02869415305643849
18,19,2025-02-02 14:30:00,6816.290397223866,195.58767993507354,156.47014394805885,0.02869415305643849
18,20,2025-02-02 14:45:00,6614.215507376193,189.78931211692145,151.83144969353717,0.02869415305643849
18,21,2025-02-02 15:00:00,6617.738559977431,189.89040312748725,151.9123225019898,0.02869415305643849
18,22,2025-02-02 15:15:00,5808.3807991419235,166.66656766065685,133.33325412852548,0.02869415305643849
18,23,2025-02-02 15:30:00,4476.83547891297,128.45900244042286,102.7672019523383,0.02869415305643849
19,0,2025-02-25 10:15:00,4682.132242519847,134.34981919735006,107.47985535788006,0.02869415305643849
19,1,2025-02-25 10:30:00,4960.148687379315,142.32726561835452,113.86181249468362,0.02869415305643849
19,2,2025-02-25 10:45:00,5053.025599416681,144.99228994776408,115.99383195821127,0.02869415305643849
19,3,2025-02-25 11:00:00,4386.7031548430705,125.87273173822865,100.69818539058292,0.02869415305643849
19,4,2025-02-25 11:15:00,4216.8266621304765,120.99826965564253,96.79861572451404,0.02869415305643849
19,5,2025-02-25 11:30:00,4287.893567306807,123.03747431001956,98.42997944801566,0.02869415305643849
19,6,2025-02-25 11:45:00,4604.176609732844,132.11294833854828,105.69035867083863,0.02869415305643849
19,7,2025-02-25 12:00:00,4082.2577214910466,117.13692787629194,93.70954230103355,0.02869415305643849
19,8,2025-02-25 12:15:00,4409.68014266208,126.53203694348322,101.22562955478658,0.02869415305643849
19,9,2025-02-25 12:30:00,4813.681936885333,138.124526262001,110.49962100960082,0.02869415305643849
19,10,2025-02-25 12:45:00,5065.405724944121,145.34752716450637,116.27802173160511,0.02869415305643849
19,11,2025-02-25 13:00:00,5387.740489394407,154.59665023105393,123.67732018484315,0.02869415305643849
19,12,2025-02-25 13:15:00,5601.514309888553,160.73070895577254,128.58456716461805,0.02869415305643849
19,13,2025-02-25 13:30:00,5884.920978290026,168.86282327609973,135.09025862087978,0.02869415305643849
19,14,2025-02-25 13:45:00,5713.6470411248765,163.9482627085041,131.1586101668033,0.02869415305643849
19,15,2025-02-25 14:00:00,6243.799138165844,179.16052812418945,143.32842249935157,0.02869415305643849
19,16,2025-02-25 14:15:00,6133.443068289803,175.99395416445932,140.79516333156747,0.02869415305643849
19,17,2025-02-25 14:30:00,6062.174066219345,173.94895051086996,139.15916040869598,0.02869415305643849
19,18,2025-02-25 14:45:00,5901.337726431625,169.3338879599638,135.46711036797103,0.02869415305643849
19,19,2025-02-25 15:00:00,6151.633257095,176.51590622616115,141.21272498092893,0.02869415305643849
19,20,2025-02-25 15:15:00,5999.853189652654,172.1607057400539,137.72856459204314,0.02869415305643849
19,21,2025-02-25 15:30:00,5650.352321913603,162.13207434779153,129.70565947823323,0.02869415305643849
19,22,2025-02-25 15:45:00,4535.417956913302,130.13997703058985,104.11198162447188,0.02869415305643849
19,23,2025-02-25 16:00:00,4168.471933276666,119.61077166490871,95.68861733192698,0.02869415305643849
