var_index,var_name,portfolio_job_id,start_slot,end_slot_exclusive,duration_slots,total_gpus,gpu_power_kW
0,x_j00_s00,0,0,6,6,12,4.800000000000001
1,x_j00_s01,0,1,7,6,12,4.800000000000001
2,x_j00_s02,0,2,8,6,12,4.800000000000001
3,x_j00_s03,0,3,9,6,12,4.800000000000001
4,x_j00_s04,0,4,10,6,12,4.800000000000001
5,x_j00_s05,0,5,11,6,12,4.800000000000001
6,x_j00_s06,0,6,12,6,12,4.800000000000001
7,x_j00_s07,0,7,13,6,12,4.800000000000001
8,x_j00_s08,0,8,14,6,12,4.800000000000001
9,x_j00_s09,0,9,15,6,12,4.800000000000001
10,x_j00_s10,0,10,16,6,12,4.800000000000001
11,x_j00_s11,0,11,17,6,12,4.800000000000001
12,x_j00_s12,0,12,18,6,12,4.800000000000001
13,x_j00_s13,0,13,19,6,12,4.800000000000001
14,x_j00_s14,0,14,20,6,12,4.800000000000001
15,x_j00_s15,0,15,21,6,12,4.800000000000001
16,x_j00_s16,0,16,22,6,12,4.800000000000001
17,x_j00_s17,0,17,23,6,12,4.800000000000001
18,x_j00_s18,0,18,24,6,12,4.800000000000001
19,x_j01_s00,1,0,2,2,8,3.2
20,x_j01_s01,1,1,3,2,8,3.2
21,x_j01_s02,1,2,4,2,8,3.2
22,x_j01_s03,1,3,5,2,8,3.2
23,x_j01_s04,1,4,6,2,8,3.2
24,x_j01_s05,1,5,7,2,8,3.2
25,x_j01_s06,1,6,8,2,8,3.2
26,x_j01_s07,1,7,9,2,8,3.2
27,x_j01_s08,1,8,10,2,8,3.2
28,x_j01_s09,1,9,11,2,8,3.2
29,x_j01_s10,1,10,12,2,8,3.2
30,x_j01_s11,1,11,13,2,8,3.2
31,x_j01_s12,1,12,14,2,8,3.2
32,x_j01_s13,1,13,15,2,8,3.2
33,x_j01_s14,1,14,16,2,8,3.2
34,x_j01_s15,1,15,17,2,8,3.2
35,x_j01_s16,1,16,18,2,8,3.2
36,x_j01_s17,1,17,19,2,8,3.2
37,x_j01_s18,1,18,20,2,8,3.2
38,x_j01_s19,1,19,21,2,8,3.2
39,x_j01_s20,1,20,22,2,8,3.2
40,x_j01_s21,1,21,23,2,8,3.2
41,x_j01_s22,1,22,24,2,8,3.2
42,x_j02_s00,2,0,2,2,8,3.2
43,x_j02_s01,2,1,3,2,8,3.2
44,x_j02_s02,2,2,4,2,8,3.2
45,x_j02_s03,2,3,5,2,8,3.2
46,x_j02_s04,2,4,6,2,8,3.2
47,x_j02_s05,2,5,7,2,8,3.2
48,x_j02_s06,2,6,8,2,8,3.2
49,x_j02_s07,2,7,9,2,8,3.2
50,x_j02_s08,2,8,10,2,8,3.2
51,x_j02_s09,2,9,11,2,8,3.2
52,x_j02_s10,2,10,12,2,8,3.2
53,x_j02_s11,2,11,13,2,8,3.2
54,x_j02_s12,2,12,14,2,8,3.2
55,x_j02_s13,2,13,15,2,8,3.2
56,x_j02_s14,2,14,16,2,8,3.2
57,x_j02_s15,2,15,17,2,8,3.2
58,x_j02_s16,2,16,18,2,8,3.2
59,x_j02_s17,2,17,19,2,8,3.2
60,x_j02_s18,2,18,20,2,8,3.2
61,x_j02_s19,2,19,21,2,8,3.2
62,x_j02_s20,2,20,22,2,8,3.2
63,x_j02_s21,2,21,23,2,8,3.2
64,x_j02_s22,2,22,24,2,8,3.2
65,x_j03_s00,3,0,7,7,8,3.2
66,x_j03_s01,3,1,8,7,8,3.2
67,x_j03_s02,3,2,9,7,8,3.2
68,x_j03_s03,3,3,10,7,8,3.2
69,x_j03_s04,3,4,11,7,8,3.2
70,x_j03_s05,3,5,12,7,8,3.2
71,x_j03_s06,3,6,13,7,8,3.2
72,x_j03_s07,3,7,14,7,8,3.2
73,x_j03_s08,3,8,15,7,8,3.2
74,x_j03_s09,3,9,16,7,8,3.2
75,x_j03_s10,3,10,17,7,8,3.2
76,x_j03_s11,3,11,18,7,8,3.2
77,x_j03_s12,3,12,19,7,8,3.2
78,x_j03_s13,3,13,20,7,8,3.2
79,x_j03_s14,3,14,21,7,8,3.2
80,x_j03_s15,3,15,22,7,8,3.2
81,x_j03_s16,3,16,23,7,8,3.2
82,x_j03_s17,3,17,24,7,8,3.2
83,x_j04_s00,4,0,11,11,8,3.2
84,x_j04_s01,4,1,12,11,8,3.2
85,x_j04_s02,4,2,13,11,8,3.2
86,x_j04_s03,4,3,14,11,8,3.2
87,x_j04_s04,4,4,15,11,8,3.2
88,x_j04_s05,4,5,16,11,8,3.2
89,x_j04_s06,4,6,17,11,8,3.2
90,x_j04_s07,4,7,18,11,8,3.2
91,x_j04_s08,4,8,19,11,8,3.2
92,x_j04_s09,4,9,20,11,8,3.2
93,x_j04_s10,4,10,21,11,8,3.2
94,x_j04_s11,4,11,22,11,8,3.2
95,x_j04_s12,4,12,23,11,8,3.2
96,x_j04_s13,4,13,24,11,8,3.2
97,x_j05_s00,5,0,6,6,8,3.2
98,x_j05_s01,5,1,7,6,8,3.2
99,x_j05_s02,5,2,8,6,8,3.2
100,x_j05_s03,5,3,9,6,8,3.2
101,x_j05_s04,5,4,10,6,8,3.2
102,x_j05_s05,5,5,11,6,8,3.2
103,x_j05_s06,5,6,12,6,8,3.2
104,x_j05_s07,5,7,13,6,8,3.2
105,x_j05_s08,5,8,14,6,8,3.2
106,x_j05_s09,5,9,15,6,8,3.2
107,x_j05_s10,5,10,16,6,8,3.2
108,x_j05_s11,5,11,17,6,8,3.2
109,x_j05_s12,5,12,18,6,8,3.2
110,x_j05_s13,5,13,19,6,8,3.2
111,x_j05_s14,5,14,20,6,8,3.2
112,x_j05_s15,5,15,21,6,8,3.2
113,x_j05_s16,5,16,22,6,8,3.2
114,x_j05_s17,5,17,23,6,8,3.2
115,x_j05_s18,5,18,24,6,8,3.2
116,x_j06_s00,6,0,3,3,13,5.2
117,x_j06_s01,6,1,4,3,13,5.2
118,x_j06_s02,6,2,5,3,13,5.2
119,x_j06_s03,6,3,6,3,13,5.2
120,x_j06_s04,6,4,7,3,13,5.2
121,x_j06_s05,6,5,8,3,13,5.2
122,x_j06_s06,6,6,9,3,13,5.2
123,x_j06_s07,6,7,10,3,13,5.2
124,x_j06_s08,6,8,11,3,13,5.2
125,x_j06_s09,6,9,12,3,13,5.2
126,x_j06_s10,6,10,13,3,13,5.2
127,x_j06_s11,6,11,14,3,13,5.2
128,x_j06_s12,6,12,15,3,13,5.2
129,x_j06_s13,6,13,16,3,13,5.2
130,x_j06_s14,6,14,17,3,13,5.2
131,x_j06_s15,6,15,18,3,13,5.2
132,x_j06_s16,6,16,19,3,13,5.2
133,x_j06_s17,6,17,20,3,13,5.2
134,x_j06_s18,6,18,21,3,13,5.2
135,x_j06_s19,6,19,22,3,13,5.2
136,x_j06_s20,6,20,23,3,13,5.2
137,x_j06_s21,6,21,24,3,13,5.2
138,x_j07_s00,7,0,5,5,8,3.2
139,x_j07_s01,7,1,6,5,8,3.2
140,x_j07_s02,7,2,7,5,8,3.2
141,x_j07_s03,7,3,8,5,8,3.2
142,x_j07_s04,7,4,9,5,8,3.2
143,x_j07_s05,7,5,10,5,8,3.2
144,x_j07_s06,7,6,11,5,8,3.2
145,x_j07_s07,7,7,12,5,8,3.2
146,x_j07_s08,7,8,13,5,8,3.2
147,x_j07_s09,7,9,14,5,8,3.2
148,x_j07_s10,7,10,15,5,8,3.2
149,x_j07_s11,7,11,16,5,8,3.2
150,x_j07_s12,7,12,17,5,8,3.2
151,x_j07_s13,7,13,18,5,8,3.2
152,x_j07_s14,7,14,19,5,8,3.2
153,x_j07_s15,7,15,20,5,8,3.2
154,x_j07_s16,7,16,21,5,8,3.2
155,x_j07_s17,7,17,22,5,8,3.2
156,x_j07_s18,7,18,23,5,8,3.2
157,x_j07_s19,7,19,24,5,8,3.2
158,x_j08_s00,8,0,3,3,8,3.2
159,x_j08_s01,8,1,4,3,8,3.2
160,x_j08_s02,8,2,5,3,8,3.2
161,x_j08_s03,8,3,6,3,8,3.2
162,x_j08_s04,8,4,7,3,8,3.2
163,x_j08_s05,8,5,8,3,8,3.2
164,x_j08_s06,8,6,9,3,8,3.2
165,x_j08_s07,8,7,10,3,8,3.2
166,x_j08_s08,8,8,11,3,8,3.2
167,x_j08_s09,8,9,12,3,8,3.2
168,x_j08_s10,8,10,13,3,8,3.2
169,x_j08_s11,8,11,14,3,8,3.2
170,x_j08_s12,8,12,15,3,8,3.2
171,x_j08_s13,8,13,16,3,8,3.2
172,x_j08_s14,8,14,17,3,8,3.2
173,x_j08_s15,8,15,18,3,8,3.2
174,x_j08_s16,8,16,19,3,8,3.2
175,x_j08_s17,8,17,20,3,8,3.2
176,x_j08_s18,8,18,21,3,8,3.2
177,x_j08_s19,8,19,22,3,8,3.2
178,x_j08_s20,8,20,23,3,8,3.2
179,x_j08_s21,8,21,24,3,8,3.2
180,x_j09_s00,9,0,6,6,10,4.0
181,x_j09_s01,9,1,7,6,10,4.0
182,x_j09_s02,9,2,8,6,10,4.0
183,x_j09_s03,9,3,9,6,10,4.0
184,x_j09_s04,9,4,10,6,10,4.0
185,x_j09_s05,9,5,11,6,10,4.0
186,x_j09_s06,9,6,12,6,10,4.0
187,x_j09_s07,9,7,13,6,10,4.0
188,x_j09_s08,9,8,14,6,10,4.0
189,x_j09_s09,9,9,15,6,10,4.0
190,x_j09_s10,9,10,16,6,10,4.0
191,x_j09_s11,9,11,17,6,10,4.0
192,x_j09_s12,9,12,18,6,10,4.0
193,x_j09_s13,9,13,19,6,10,4.0
194,x_j09_s14,9,14,20,6,10,4.0
195,x_j09_s15,9,15,21,6,10,4.0
196,x_j09_s16,9,16,22,6,10,4.0
197,x_j09_s17,9,17,23,6,10,4.0
198,x_j09_s18,9,18,24,6,10,4.0
199,x_j10_s00,10,0,2,2,9,3.6
200,x_j10_s01,10,1,3,2,9,3.6
201,x_j10_s02,10,2,4,2,9,3.6
202,x_j10_s03,10,3,5,2,9,3.6
203,x_j10_s04,10,4,6,2,9,3.6
204,x_j10_s05,10,5,7,2,9,3.6
205,x_j10_s06,10,6,8,2,9,3.6
206,x_j10_s07,10,7,9,2,9,3.6
207,x_j10_s08,10,8,10,2,9,3.6
208,x_j10_s09,10,9,11,2,9,3.6
209,x_j10_s10,10,10,12,2,9,3.6
210,x_j10_s11,10,11,13,2,9,3.6
211,x_j10_s12,10,12,14,2,9,3.6
212,x_j10_s13,10,13,15,2,9,3.6
213,x_j10_s14,10,14,16,2,9,3.6
214,x_j10_s15,10,15,17,2,9,3.6
215,x_j10_s16,10,16,18,2,9,3.6
216,x_j10_s17,10,17,19,2,9,3.6
217,x_j10_s18,10,18,20,2,9,3.6
218,x_j10_s19,10,19,21,2,9,3.6
219,x_j10_s20,10,20,22,2,9,3.6
220,x_j10_s21,10,21,23,2,9,3.6
221,x_j10_s22,10,22,24,2,9,3.6
222,x_j11_s00,11,0,4,4,9,3.6
223,x_j11_s01,11,1,5,4,9,3.6
224,x_j11_s02,11,2,6,4,9,3.6
225,x_j11_s03,11,3,7,4,9,3.6
226,x_j11_s04,11,4,8,4,9,3.6
227,x_j11_s05,11,5,9,4,9,3.6
228,x_j11_s06,11,6,10,4,9,3.6
229,x_j11_s07,11,7,11,4,9,3.6
230,x_j11_s08,11,8,12,4,9,3.6
231,x_j11_s09,11,9,13,4,9,3.6
232,x_j11_s10,11,10,14,4,9,3.6
233,x_j11_s11,11,11,15,4,9,3.6
234,x_j11_s12,11,12,16,4,9,3.6
235,x_j11_s13,11,13,17,4,9,3.6
236,x_j11_s14,11,14,18,4,9,3.6
237,x_j11_s15,11,15,19,4,9,3.6
238,x_j11_s16,11,16,20,4,9,3.6
239,x_j11_s17,11,17,21,4,9,3.6
240,x_j11_s18,11,18,22,4,9,3.6
241,x_j11_s19,11,19,23,4,9,3.6
242,x_j11_s20,11,20,24,4,9,3.6
243,x_j12_s00,12,0,7,7,8,3.2
244,x_j12_s01,12,1,8,7,8,3.2
245,x_j12_s02,12,2,9,7,8,3.2
246,x_j12_s03,12,3,10,7,8,3.2
247,x_j12_s04,12,4,11,7,8,3.2
248,x_j12_s05,12,5,12,7,8,3.2
249,x_j12_s06,12,6,13,7,8,3.2
250,x_j12_s07,12,7,14,7,8,3.2
251,x_j12_s08,12,8,15,7,8,3.2
252,x_j12_s09,12,9,16,7,8,3.2
253,x_j12_s10,12,10,17,7,8,3.2
254,x_j12_s11,12,11,18,7,8,3.2
255,x_j12_s12,12,12,19,7,8,3.2
256,x_j12_s13,12,13,20,7,8,3.2
257,x_j12_s14,12,14,21,7,8,3.2
258,x_j12_s15,12,15,22,7,8,3.2
259,x_j12_s16,12,16,23,7,8,3.2
260,x_j12_s17,12,17,24,7,8,3.2
261,x_j13_s00,13,0,3,3,8,3.2
262,x_j13_s01,13,1,4,3,8,3.2
263,x_j13_s02,13,2,5,3,8,3.2
264,x_j13_s03,13,3,6,3,8,3.2
265,x_j13_s04,13,4,7,3,8,3.2
266,x_j13_s05,13,5,8,3,8,3.2
267,x_j13_s06,13,6,9,3,8,3.2
268,x_j13_s07,13,7,10,3,8,3.2
269,x_j13_s08,13,8,11,3,8,3.2
270,x_j13_s09,13,9,12,3,8,3.2
271,x_j13_s10,13,10,13,3,8,3.2
272,x_j13_s11,13,11,14,3,8,3.2
273,x_j13_s12,13,12,15,3,8,3.2
274,x_j13_s13,13,13,16,3,8,3.2
275,x_j13_s14,13,14,17,3,8,3.2
276,x_j13_s15,13,15,18,3,8,3.2
277,x_j13_s16,13,16,19,3,8,3.2
278,x_j13_s17,13,17,20,3,8,3.2
279,x_j13_s18,13,18,21,3,8,3.2
280,x_j13_s19,13,19,22,3,8,3.2
281,x_j13_s20,13,20,23,3,8,3.2
282,x_j13_s21,13,21,24,3,8,3.2
283,x_j14_s00,14,0,3,3,8,3.2
284,x_j14_s01,14,1,4,3,8,3.2
285,x_j14_s02,14,2,5,3,8,3.2
286,x_j14_s03,14,3,6,3,8,3.2
287,x_j14_s04,14,4,7,3,8,3.2
288,x_j14_s05,14,5,8,3,8,3.2
289,x_j14_s06,14,6,9,3,8,3.2
290,x_j14_s07,14,7,10,3,8,3.2
291,x_j14_s08,14,8,11,3,8,3.2
292,x_j14_s09,14,9,12,3,8,3.2
293,x_j14_s10,14,10,13,3,8,3.2
294,x_j14_s11,14,11,14,3,8,3.2
295,x_j14_s12,14,12,15,3,8,3.2
296,x_j14_s13,14,13,16,3,8,3.2
297,x_j14_s14,14,14,17,3,8,3.2
298,x_j14_s15,14,15,18,3,8,3.2
299,x_j14_s16,14,16,19,3,8,3.2
300,x_j14_s17,14,17,20,3,8,3.2
301,x_j14_s18,14,18,21,3,8,3.2
302,x_j14_s19,14,19,22,3,8,3.2
303,x_j14_s20,14,20,23,3,8,3.2
304,x_j14_s21,14,21,24,3,8,3.2
305,x_j15_s00,15,0,2,2,8,3.2
306,x_j15_s01,15,1,3,2,8,3.2
307,x_j15_s02,15,2,4,2,8,3.2
308,x_j15_s03,15,3,5,2,8,3.2
309,x_j15_s04,15,4,6,2,8,3.2
310,x_j15_s05,15,5,7,2,8,3.2
311,x_j15_s06,15,6,8,2,8,3.2
312,x_j15_s07,15,7,9,2,8,3.2
313,x_j15_s08,15,8,10,2,8,3.2
314,x_j15_s09,15,9,11,2,8,3.2
315,x_j15_s10,15,10,12,2,8,3.2
316,x_j15_s11,15,11,13,2,8,3.2
317,x_j15_s12,15,12,14,2,8,3.2
318,x_j15_s13,15,13,15,2,8,3.2
319,x_j15_s14,15,14,16,2,8,3.2
320,x_j15_s15,15,15,17,2,8,3.2
321,x_j15_s16,15,16,18,2,8,3.2
322,x_j15_s17,15,17,19,2,8,3.2
323,x_j15_s18,15,18,20,2,8,3.2
324,x_j15_s19,15,19,21,2,8,3.2
325,x_j15_s20,15,20,22,2,8,3.2
326,x_j15_s21,15,21,23,2,8,3.2
327,x_j15_s22,15,22,24,2,8,3.2
328,x_j16_s00,16,0,2,2,8,3.2
329,x_j16_s01,16,1,3,2,8,3.2
330,x_j16_s02,16,2,4,2,8,3.2
331,x_j16_s03,16,3,5,2,8,3.2
332,x_j16_s04,16,4,6,2,8,3.2
333,x_j16_s05,16,5,7,2,8,3.2
334,x_j16_s06,16,6,8,2,8,3.2
335,x_j16_s07,16,7,9,2,8,3.2
336,x_j16_s08,16,8,10,2,8,3.2
337,x_j16_s09,16,9,11,2,8,3.2
338,x_j16_s10,16,10,12,2,8,3.2
339,x_j16_s11,16,11,13,2,8,3.2
340,x_j16_s12,16,12,14,2,8,3.2
341,x_j16_s13,16,13,15,2,8,3.2
342,x_j16_s14,16,14,16,2,8,3.2
343,x_j16_s15,16,15,17,2,8,3.2
344,x_j16_s16,16,16,18,2,8,3.2
345,x_j16_s17,16,17,19,2,8,3.2
346,x_j16_s18,16,18,20,2,8,3.2
347,x_j16_s19,16,19,21,2,8,3.2
348,x_j16_s20,16,20,22,2,8,3.2
349,x_j16_s21,16,21,23,2,8,3.2
350,x_j16_s22,16,22,24,2,8,3.2
351,x_j17_s00,17,0,2,2,8,3.2
352,x_j17_s01,17,1,3,2,8,3.2
353,x_j17_s02,17,2,4,2,8,3.2
354,x_j17_s03,17,3,5,2,8,3.2
355,x_j17_s04,17,4,6,2,8,3.2
356,x_j17_s05,17,5,7,2,8,3.2
357,x_j17_s06,17,6,8,2,8,3.2
358,x_j17_s07,17,7,9,2,8,3.2
359,x_j17_s08,17,8,10,2,8,3.2
360,x_j17_s09,17,9,11,2,8,3.2
361,x_j17_s10,17,10,12,2,8,3.2
362,x_j17_s11,17,11,13,2,8,3.2
363,x_j17_s12,17,12,14,2,8,3.2
364,x_j17_s13,17,13,15,2,8,3.2
365,x_j17_s14,17,14,16,2,8,3.2
366,x_j17_s15,17,15,17,2,8,3.2
367,x_j17_s16,17,16,18,2,8,3.2
368,x_j17_s17,17,17,19,2,8,3.2
369,x_j17_s18,17,18,20,2,8,3.2
370,x_j17_s19,17,19,21,2,8,3.2
371,x_j17_s20,17,20,22,2,8,3.2
372,x_j17_s21,17,21,23,2,8,3.2
373,x_j17_s22,17,22,24,2,8,3.2
374,x_j18_s00,18,0,9,9,8,3.2
375,x_j18_s01,18,1,10,9,8,3.2
376,x_j18_s02,18,2,11,9,8,3.2
377,x_j18_s03,18,3,12,9,8,3.2
378,x_j18_s04,18,4,13,9,8,3.2
379,x_j18_s05,18,5,14,9,8,3.2
380,x_j18_s06,18,6,15,9,8,3.2
381,x_j18_s07,18,7,16,9,8,3.2
382,x_j18_s08,18,8,17,9,8,3.2
383,x_j18_s09,18,9,18,9,8,3.2
384,x_j18_s10,18,10,19,9,8,3.2
385,x_j18_s11,18,11,20,9,8,3.2
386,x_j18_s12,18,12,21,9,8,3.2
387,x_j18_s13,18,13,22,9,8,3.2
388,x_j18_s14,18,14,23,9,8,3.2
389,x_j18_s15,18,15,24,9,8,3.2
390,x_j19_s00,19,0,5,5,8,3.2
391,x_j19_s01,19,1,6,5,8,3.2
392,x_j19_s02,19,2,7,5,8,3.2
393,x_j19_s03,19,3,8,5,8,3.2
394,x_j19_s04,19,4,9,5,8,3.2
395,x_j19_s05,19,5,10,5,8,3.2
396,x_j19_s06,19,6,11,5,8,3.2
397,x_j19_s07,19,7,12,5,8,3.2
398,x_j19_s08,19,8,13,5,8,3.2
399,x_j19_s09,19,9,14,5,8,3.2
400,x_j19_s10,19,10,15,5,8,3.2
401,x_j19_s11,19,11,16,5,8,3.2
402,x_j19_s12,19,12,17,5,8,3.2
403,x_j19_s13,19,13,18,5,8,3.2
404,x_j19_s14,19,14,19,5,8,3.2
405,x_j19_s15,19,15,20,5,8,3.2
406,x_j19_s16,19,16,21,5,8,3.2
407,x_j19_s17,19,17,22,5,8,3.2
408,x_j19_s18,19,18,23,5,8,3.2
409,x_j19_s19,19,19,24,5,8,3.2
410,x_j20_s00,20,0,3,3,8,3.2
411,x_j20_s01,20,1,4,3,8,3.2
412,x_j20_s02,20,2,5,3,8,3.2
413,x_j20_s03,20,3,6,3,8,3.2
414,x_j20_s04,20,4,7,3,8,3.2
415,x_j20_s05,20,5,8,3,8,3.2
416,x_j20_s06,20,6,9,3,8,3.2
417,x_j20_s07,20,7,10,3,8,3.2
418,x_j20_s08,20,8,11,3,8,3.2
419,x_j20_s09,20,9,12,3,8,3.2
420,x_j20_s10,20,10,13,3,8,3.2
421,x_j20_s11,20,11,14,3,8,3.2
422,x_j20_s12,20,12,15,3,8,3.2
423,x_j20_s13,20,13,16,3,8,3.2
424,x_j20_s14,20,14,17,3,8,3.2
425,x_j20_s15,20,15,18,3,8,3.2
426,x_j20_s16,20,16,19,3,8,3.2
427,x_j20_s17,20,17,20,3,8,3.2
428,x_j20_s18,20,18,21,3,8,3.2
429,x_j20_s19,20,19,22,3,8,3.2
430,x_j20_s20,20,20,23,3,8,3.2
431,x_j20_s21,20,21,24,3,8,3.2
432,x_j21_s00,21,0,4,4,16,6.4
433,x_j21_s01,21,1,5,4,16,6.4
434,x_j21_s02,21,2,6,4,16,6.4
435,x_j21_s03,21,3,7,4,16,6.4
436,x_j21_s04,21,4,8,4,16,6.4
437,x_j21_s05,21,5,9,4,16,6.4
438,x_j21_s06,21,6,10,4,16,6.4
439,x_j21_s07,21,7,11,4,16,6.4
440,x_j21_s08,21,8,12,4,16,6.4
441,x_j21_s09,21,9,13,4,16,6.4
442,x_j21_s10,21,10,14,4,16,6.4
443,x_j21_s11,21,11,15,4,16,6.4
444,x_j21_s12,21,12,16,4,16,6.4
445,x_j21_s13,21,13,17,4,16,6.4
446,x_j21_s14,21,14,18,4,16,6.4
447,x_j21_s15,21,15,19,4,16,6.4
448,x_j21_s16,21,16,20,4,16,6.4
449,x_j21_s17,21,17,21,4,16,6.4
450,x_j21_s18,21,18,22,4,16,6.4
451,x_j21_s19,21,19,23,4,16,6.4
452,x_j21_s20,21,20,24,4,16,6.4
453,x_j22_s00,22,0,2,2,9,3.6
454,x_j22_s01,22,1,3,2,9,3.6
455,x_j22_s02,22,2,4,2,9,3.6
456,x_j22_s03,22,3,5,2,9,3.6
457,x_j22_s04,22,4,6,2,9,3.6
458,x_j22_s05,22,5,7,2,9,3.6
459,x_j22_s06,22,6,8,2,9,3.6
460,x_j22_s07,22,7,9,2,9,3.6
461,x_j22_s08,22,8,10,2,9,3.6
462,x_j22_s09,22,9,11,2,9,3.6
463,x_j22_s10,22,10,12,2,9,3.6
464,x_j22_s11,22,11,13,2,9,3.6
465,x_j22_s12,22,12,14,2,9,3.6
466,x_j22_s13,22,13,15,2,9,3.6
467,x_j22_s14,22,14,16,2,9,3.6
468,x_j22_s15,22,15,17,2,9,3.6
469,x_j22_s16,22,16,18,2,9,3.6
470,x_j22_s17,22,17,19,2,9,3.6
471,x_j22_s18,22,18,20,2,9,3.6
472,x_j22_s19,22,19,21,2,9,3.6
473,x_j22_s20,22,20,22,2,9,3.6
474,x_j22_s21,22,21,23,2,9,3.6
475,x_j22_s22,22,22,24,2,9,3.6
476,x_j23_s00,23,0,11,11,8,3.2
477,x_j23_s01,23,1,12,11,8,3.2
478,x_j23_s02,23,2,13,11,8,3.2
479,x_j23_s03,23,3,14,11,8,3.2
480,x_j23_s04,23,4,15,11,8,3.2
481,x_j23_s05,23,5,16,11,8,3.2
482,x_j23_s06,23,6,17,11,8,3.2
483,x_j23_s07,23,7,18,11,8,3.2
484,x_j23_s08,23,8,19,11,8,3.2
485,x_j23_s09,23,9,20,11,8,3.2
486,x_j23_s10,23,10,21,11,8,3.2
487,x_j23_s11,23,11,22,11,8,3.2
488,x_j23_s12,23,12,23,11,8,3.2
489,x_j23_s13,23,13,24,11,8,3.2
490,x_j24_s00,24,0,11,11,8,3.2
491,x_j24_s01,24,1,12,11,8,3.2
492,x_j24_s02,24,2,13,11,8,3.2
493,x_j24_s03,24,3,14,11,8,3.2
494,x_j24_s04,24,4,15,11,8,3.2
495,x_j24_s05,24,5,16,11,8,3.2
496,x_j24_s06,24,6,17,11,8,3.2
497,x_j24_s07,24,7,18,11,8,3.2
498,x_j24_s08,24,8,19,11,8,3.2
499,x_j24_s09,24,9,20,11,8,3.2
500,x_j24_s10,24,10,21,11,8,3.2
501,x_j24_s11,24,11,22,11,8,3.2
502,x_j24_s12,24,12,23,11,8,3.2
503,x_j24_s13,24,13,24,11,8,3.2
504,x_j25_s00,25,0,2,2,11,4.4
505,x_j25_s01,25,1,3,2,11,4.4
506,x_j25_s02,25,2,4,2,11,4.4
507,x_j25_s03,25,3,5,2,11,4.4
508,x_j25_s04,25,4,6,2,11,4.4
509,x_j25_s05,25,5,7,2,11,4.4
510,x_j25_s06,25,6,8,2,11,4.4
511,x_j25_s07,25,7,9,2,11,4.4
512,x_j25_s08,25,8,10,2,11,4.4
513,x_j25_s09,25,9,11,2,11,4.4
514,x_j25_s10,25,10,12,2,11,4.4
515,x_j25_s11,25,11,13,2,11,4.4
516,x_j25_s12,25,12,14,2,11,4.4
517,x_j25_s13,25,13,15,2,11,4.4
518,x_j25_s14,25,14,16,2,11,4.4
519,x_j25_s15,25,15,17,2,11,4.4
520,x_j25_s16,25,16,18,2,11,4.4
521,x_j25_s17,25,17,19,2,11,4.4
522,x_j25_s18,25,18,20,2,11,4.4
523,x_j25_s19,25,19,21,2,11,4.4
524,x_j25_s20,25,20,22,2,11,4.4
525,x_j25_s21,25,21,23,2,11,4.4
526,x_j25_s22,25,22,24,2,11,4.4
527,x_j26_s00,26,0,9,9,32,12.8
528,x_j26_s01,26,1,10,9,32,12.8
529,x_j26_s02,26,2,11,9,32,12.8
530,x_j26_s03,26,3,12,9,32,12.8
531,x_j26_s04,26,4,13,9,32,12.8
532,x_j26_s05,26,5,14,9,32,12.8
533,x_j26_s06,26,6,15,9,32,12.8
534,x_j26_s07,26,7,16,9,32,12.8
535,x_j26_s08,26,8,17,9,32,12.8
536,x_j26_s09,26,9,18,9,32,12.8
537,x_j26_s10,26,10,19,9,32,12.8
538,x_j26_s11,26,11,20,9,32,12.8
539,x_j26_s12,26,12,21,9,32,12.8
540,x_j26_s13,26,13,22,9,32,12.8
541,x_j26_s14,26,14,23,9,32,12.8
542,x_j26_s15,26,15,24,9,32,12.8
543,x_j27_s00,27,0,6,6,32,12.8
544,x_j27_s01,27,1,7,6,32,12.8
545,x_j27_s02,27,2,8,6,32,12.8
546,x_j27_s03,27,3,9,6,32,12.8
547,x_j27_s04,27,4,10,6,32,12.8
548,x_j27_s05,27,5,11,6,32,12.8
549,x_j27_s06,27,6,12,6,32,12.8
550,x_j27_s07,27,7,13,6,32,12.8
551,x_j27_s08,27,8,14,6,32,12.8
552,x_j27_s09,27,9,15,6,32,12.8
553,x_j27_s10,27,10,16,6,32,12.8
554,x_j27_s11,27,11,17,6,32,12.8
555,x_j27_s12,27,12,18,6,32,12.8
556,x_j27_s13,27,13,19,6,32,12.8
557,x_j27_s14,27,14,20,6,32,12.8
558,x_j27_s15,27,15,21,6,32,12.8
559,x_j27_s16,27,16,22,6,32,12.8
560,x_j27_s17,27,17,23,6,32,12.8
561,x_j27_s18,27,18,24,6,32,12.8
562,x_j28_s00,28,0,3,3,51,20.400000000000002
563,x_j28_s01,28,1,4,3,51,20.400000000000002
564,x_j28_s02,28,2,5,3,51,20.400000000000002
565,x_j28_s03,28,3,6,3,51,20.400000000000002
566,x_j28_s04,28,4,7,3,51,20.400000000000002
567,x_j28_s05,28,5,8,3,51,20.400000000000002
568,x_j28_s06,28,6,9,3,51,20.400000000000002
569,x_j28_s07,28,7,10,3,51,20.400000000000002
570,x_j28_s08,28,8,11,3,51,20.400000000000002
571,x_j28_s09,28,9,12,3,51,20.400000000000002
572,x_j28_s10,28,10,13,3,51,20.400000000000002
573,x_j28_s11,28,11,14,3,51,20.400000000000002
574,x_j28_s12,28,12,15,3,51,20.400000000000002
575,x_j28_s13,28,13,16,3,51,20.400000000000002
576,x_j28_s14,28,14,17,3,51,20.400000000000002
577,x_j28_s15,28,15,18,3,51,20.400000000000002
578,x_j28_s16,28,16,19,3,51,20.400000000000002
579,x_j28_s17,28,17,20,3,51,20.400000000000002
580,x_j28_s18,28,18,21,3,51,20.400000000000002
581,x_j28_s19,28,19,22,3,51,20.400000000000002
582,x_j28_s20,28,20,23,3,51,20.400000000000002
583,x_j28_s21,28,21,24,3,51,20.400000000000002
584,x_j29_s00,29,0,3,3,63,25.200000000000003
585,x_j29_s01,29,1,4,3,63,25.200000000000003
586,x_j29_s02,29,2,5,3,63,25.200000000000003
587,x_j29_s03,29,3,6,3,63,25.200000000000003
588,x_j29_s04,29,4,7,3,63,25.200000000000003
589,x_j29_s05,29,5,8,3,63,25.200000000000003
590,x_j29_s06,29,6,9,3,63,25.200000000000003
591,x_j29_s07,29,7,10,3,63,25.200000000000003
592,x_j29_s08,29,8,11,3,63,25.200000000000003
593,x_j29_s09,29,9,12,3,63,25.200000000000003
594,x_j29_s10,29,10,13,3,63,25.200000000000003
595,x_j29_s11,29,11,14,3,63,25.200000000000003
596,x_j29_s12,29,12,15,3,63,25.200000000000003
597,x_j29_s13,29,13,16,3,63,25.200000000000003
598,x_j29_s14,29,14,17,3,63,25.200000000000003
599,x_j29_s15,29,15,18,3,63,25.200000000000003
600,x_j29_s16,29,16,19,3,63,25.200000000000003
601,x_j29_s17,29,17,20,3,63,25.200000000000003
602,x_j29_s18,29,18,21,3,63,25.200000000000003
603,x_j29_s19,29,19,22,3,63,25.200000000000003
604,x_j29_s20,29,20,23,3,63,25.200000000000003
605,x_j29_s21,29,21,24,3,63,25.200000000000003
606,x_j30_s00,30,0,7,7,60,24.0
607,x_j30_s01,30,1,8,7,60,24.0
608,x_j30_s02,30,2,9,7,60,24.0
609,x_j30_s03,30,3,10,7,60,24.0
610,x_j30_s04,30,4,11,7,60,24.0
611,x_j30_s05,30,5,12,7,60,24.0
612,x_j30_s06,30,6,13,7,60,24.0
613,x_j30_s07,30,7,14,7,60,24.0
614,x_j30_s08,30,8,15,7,60,24.0
615,x_j30_s09,30,9,16,7,60,24.0
616,x_j30_s10,30,10,17,7,60,24.0
617,x_j30_s11,30,11,18,7,60,24.0
618,x_j30_s12,30,12,19,7,60,24.0
619,x_j30_s13,30,13,20,7,60,24.0
620,x_j30_s14,30,14,21,7,60,24.0
621,x_j30_s15,30,15,22,7,60,24.0
622,x_j30_s16,30,16,23,7,60,24.0
623,x_j30_s17,30,17,24,7,60,24.0
624,x_j31_s00,31,0,3,3,21,8.4
625,x_j31_s01,31,1,4,3,21,8.4
626,x_j31_s02,31,2,5,3,21,8.4
627,x_j31_s03,31,3,6,3,21,8.4
628,x_j31_s04,31,4,7,3,21,8.4
629,x_j31_s05,31,5,8,3,21,8.4
630,x_j31_s06,31,6,9,3,21,8.4
631,x_j31_s07,31,7,10,3,21,8.4
632,x_j31_s08,31,8,11,3,21,8.4
633,x_j31_s09,31,9,12,3,21,8.4
634,x_j31_s10,31,10,13,3,21,8.4
635,x_j31_s11,31,11,14,3,21,8.4
636,x_j31_s12,31,12,15,3,21,8.4
637,x_j31_s13,31,13,16,3,21,8.4
638,x_j31_s14,31,14,17,3,21,8.4
639,x_j31_s15,31,15,18,3,21,8.4
640,x_j31_s16,31,16,19,3,21,8.4
641,x_j31_s17,31,17,20,3,21,8.4
642,x_j31_s18,31,18,21,3,21,8.4
643,x_j31_s19,31,19,22,3,21,8.4
644,x_j31_s20,31,20,23,3,21,8.4
645,x_j31_s21,31,21,24,3,21,8.4
646,x_j32_s00,32,0,4,4,22,8.8
647,x_j32_s01,32,1,5,4,22,8.8
648,x_j32_s02,32,2,6,4,22,8.8
649,x_j32_s03,32,3,7,4,22,8.8
650,x_j32_s04,32,4,8,4,22,8.8
651,x_j32_s05,32,5,9,4,22,8.8
652,x_j32_s06,32,6,10,4,22,8.8
653,x_j32_s07,32,7,11,4,22,8.8
654,x_j32_s08,32,8,12,4,22,8.8
655,x_j32_s09,32,9,13,4,22,8.8
656,x_j32_s10,32,10,14,4,22,8.8
657,x_j32_s11,32,11,15,4,22,8.8
658,x_j32_s12,32,12,16,4,22,8.8
659,x_j32_s13,32,13,17,4,22,8.8
660,x_j32_s14,32,14,18,4,22,8.8
661,x_j32_s15,32,15,19,4,22,8.8
662,x_j32_s16,32,16,20,4,22,8.8
663,x_j32_s17,32,17,21,4,22,8.8
664,x_j32_s18,32,18,22,4,22,8.8
665,x_j32_s19,32,19,23,4,22,8.8
666,x_j32_s20,32,20,24,4,22,8.8
667,x_j33_s00,33,0,4,4,36,14.4
668,x_j33_s01,33,1,5,4,36,14.4
669,x_j33_s02,33,2,6,4,36,14.4
670,x_j33_s03,33,3,7,4,36,14.4
671,x_j33_s04,33,4,8,4,36,14.4
672,x_j33_s05,33,5,9,4,36,14.4
673,x_j33_s06,33,6,10,4,36,14.4
674,x_j33_s07,33,7,11,4,36,14.4
675,x_j33_s08,33,8,12,4,36,14.4
676,x_j33_s09,33,9,13,4,36,14.4
677,x_j33_s10,33,10,14,4,36,14.4
678,x_j33_s11,33,11,15,4,36,14.4
679,x_j33_s12,33,12,16,4,36,14.4
680,x_j33_s13,33,13,17,4,36,14.4
681,x_j33_s14,33,14,18,4,36,14.4
682,x_j33_s15,33,15,19,4,36,14.4
683,x_j33_s16,33,16,20,4,36,14.4
684,x_j33_s17,33,17,21,4,36,14.4
685,x_j33_s18,33,18,22,4,36,14.4
686,x_j33_s19,33,19,23,4,36,14.4
687,x_j33_s20,33,20,24,4,36,14.4
688,x_j34_s00,34,0,2,2,32,12.8
689,x_j34_s01,34,1,3,2,32,12.8
690,x_j34_s02,34,2,4,2,32,12.8
691,x_j34_s03,34,3,5,2,32,12.8
692,x_j34_s04,34,4,6,2,32,12.8
693,x_j34_s05,34,5,7,2,32,12.8
694,x_j34_s06,34,6,8,2,32,12.8
695,x_j34_s07,34,7,9,2,32,12.8
696,x_j34_s08,34,8,10,2,32,12.8
697,x_j34_s09,34,9,11,2,32,12.8
698,x_j34_s10,34,10,12,2,32,12.8
699,x_j34_s11,34,11,13,2,32,12.8
700,x_j34_s12,34,12,14,2,32,12.8
701,x_j34_s13,34,13,15,2,32,12.8
702,x_j34_s14,34,14,16,2,32,12.8
703,x_j34_s15,34,15,17,2,32,12.8
704,x_j34_s16,34,16,18,2,32,12.8
705,x_j34_s17,34,17,19,2,32,12.8
706,x_j34_s18,34,18,20,2,32,12.8
707,x_j34_s19,34,19,21,2,32,12.8
708,x_j34_s20,34,20,22,2,32,12.8
709,x_j34_s21,34,21,23,2,32,12.8
710,x_j34_s22,34,22,24,2,32,12.8
711,x_j35_s00,35,0,11,11,63,25.200000000000003
712,x_j35_s01,35,1,12,11,63,25.200000000000003
713,x_j35_s02,35,2,13,11,63,25.200000000000003
714,x_j35_s03,35,3,14,11,63,25.200000000000003
715,x_j35_s04,35,4,15,11,63,25.200000000000003
716,x_j35_s05,35,5,16,11,63,25.200000000000003
717,x_j35_s06,35,6,17,11,63,25.200000000000003
718,x_j35_s07,35,7,18,11,63,25.200000000000003
719,x_j35_s08,35,8,19,11,63,25.200000000000003
720,x_j35_s09,35,9,20,11,63,25.200000000000003
721,x_j35_s10,35,10,21,11,63,25.200000000000003
722,x_j35_s11,35,11,22,11,63,25.200000000000003
723,x_j35_s12,35,12,23,11,63,25.200000000000003
724,x_j35_s13,35,13,24,11,63,25.200000000000003
725,x_j36_s00,36,0,4,4,24,9.600000000000001
726,x_j36_s01,36,1,5,4,24,9.600000000000001
727,x_j36_s02,36,2,6,4,24,9.600000000000001
728,x_j36_s03,36,3,7,4,24,9.600000000000001
729,x_j36_s04,36,4,8,4,24,9.600000000000001
730,x_j36_s05,36,5,9,4,24,9.600000000000001
731,x_j36_s06,36,6,10,4,24,9.600000000000001
732,x_j36_s07,36,7,11,4,24,9.600000000000001
733,x_j36_s08,36,8,12,4,24,9.600000000000001
734,x_j36_s09,36,9,13,4,24,9.600000000000001
735,x_j36_s10,36,10,14,4,24,9.600000000000001
736,x_j36_s11,36,11,15,4,24,9.600000000000001
737,x_j36_s12,36,12,16,4,24,9.600000000000001
738,x_j36_s13,36,13,17,4,24,9.600000000000001
739,x_j36_s14,36,14,18,4,24,9.600000000000001
740,x_j36_s15,36,15,19,4,24,9.600000000000001
741,x_j36_s16,36,16,20,4,24,9.600000000000001
742,x_j36_s17,36,17,21,4,24,9.600000000000001
743,x_j36_s18,36,18,22,4,24,9.600000000000001
744,x_j36_s19,36,19,23,4,24,9.600000000000001
745,x_j36_s20,36,20,24,4,24,9.600000000000001
746,x_j37_s00,37,0,3,3,24,9.600000000000001
747,x_j37_s01,37,1,4,3,24,9.600000000000001
748,x_j37_s02,37,2,5,3,24,9.600000000000001
749,x_j37_s03,37,3,6,3,24,9.600000000000001
750,x_j37_s04,37,4,7,3,24,9.600000000000001
751,x_j37_s05,37,5,8,3,24,9.600000000000001
752,x_j37_s06,37,6,9,3,24,9.600000000000001
753,x_j37_s07,37,7,10,3,24,9.600000000000001
754,x_j37_s08,37,8,11,3,24,9.600000000000001
755,x_j37_s09,37,9,12,3,24,9.600000000000001
756,x_j37_s10,37,10,13,3,24,9.600000000000001
757,x_j37_s11,37,11,14,3,24,9.600000000000001
758,x_j37_s12,37,12,15,3,24,9.600000000000001
759,x_j37_s13,37,13,16,3,24,9.600000000000001
760,x_j37_s14,37,14,17,3,24,9.600000000000001
761,x_j37_s15,37,15,18,3,24,9.600000000000001
762,x_j37_s16,37,16,19,3,24,9.600000000000001
763,x_j37_s17,37,17,20,3,24,9.600000000000001
764,x_j37_s18,37,18,21,3,24,9.600000000000001
765,x_j37_s19,37,19,22,3,24,9.600000000000001
766,x_j37_s20,37,20,23,3,24,9.600000000000001
767,x_j37_s21,37,21,24,3,24,9.600000000000001
768,x_j38_s00,38,0,3,3,21,8.4
769,x_j38_s01,38,1,4,3,21,8.4
770,x_j38_s02,38,2,5,3,21,8.4
771,x_j38_s03,38,3,6,3,21,8.4
772,x_j38_s04,38,4,7,3,21,8.4
773,x_j38_s05,38,5,8,3,21,8.4
774,x_j38_s06,38,6,9,3,21,8.4
775,x_j38_s07,38,7,10,3,21,8.4
776,x_j38_s08,38,8,11,3,21,8.4
777,x_j38_s09,38,9,12,3,21,8.4
778,x_j38_s10,38,10,13,3,21,8.4
779,x_j38_s11,38,11,14,3,21,8.4
780,x_j38_s12,38,12,15,3,21,8.4
781,x_j38_s13,38,13,16,3,21,8.4
782,x_j38_s14,38,14,17,3,21,8.4
783,x_j38_s15,38,15,18,3,21,8.4
784,x_j38_s16,38,16,19,3,21,8.4
785,x_j38_s17,38,17,20,3,21,8.4
786,x_j38_s18,38,18,21,3,21,8.4
787,x_j38_s19,38,19,22,3,21,8.4
788,x_j38_s20,38,20,23,3,21,8.4
789,x_j38_s21,38,21,24,3,21,8.4
790,x_j39_s00,39,0,2,2,24,9.600000000000001
791,x_j39_s01,39,1,3,2,24,9.600000000000001
792,x_j39_s02,39,2,4,2,24,9.600000000000001
793,x_j39_s03,39,3,5,2,24,9.600000000000001
794,x_j39_s04,39,4,6,2,24,9.600000000000001
795,x_j39_s05,39,5,7,2,24,9.600000000000001
796,x_j39_s06,39,6,8,2,24,9.600000000000001
797,x_j39_s07,39,7,9,2,24,9.600000000000001
798,x_j39_s08,39,8,10,2,24,9.600000000000001
799,x_j39_s09,39,9,11,2,24,9.600000000000001
800,x_j39_s10,39,10,12,2,24,9.600000000000001
801,x_j39_s11,39,11,13,2,24,9.600000000000001
802,x_j39_s12,39,12,14,2,24,9.600000000000001
803,x_j39_s13,39,13,15,2,24,9.600000000000001
804,x_j39_s14,39,14,16,2,24,9.600000000000001
805,x_j39_s15,39,15,17,2,24,9.600000000000001
806,x_j39_s16,39,16,18,2,24,9.600000000000001
807,x_j39_s17,39,17,19,2,24,9.600000000000001
808,x_j39_s18,39,18,20,2,24,9.600000000000001
809,x_j39_s19,39,19,21,2,24,9.600000000000001
810,x_j39_s20,39,20,22,2,24,9.600000000000001
811,x_j39_s21,39,21,23,2,24,9.600000000000001
812,x_j39_s22,39,22,24,2,24,9.600000000000001
813,x_j40_s00,40,0,9,9,24,9.600000000000001
814,x_j40_s01,40,1,10,9,24,9.600000000000001
815,x_j40_s02,40,2,11,9,24,9.600000000000001
816,x_j40_s03,40,3,12,9,24,9.600000000000001
817,x_j40_s04,40,4,13,9,24,9.600000000000001
818,x_j40_s05,40,5,14,9,24,9.600000000000001
819,x_j40_s06,40,6,15,9,24,9.600000000000001
820,x_j40_s07,40,7,16,9,24,9.600000000000001
821,x_j40_s08,40,8,17,9,24,9.600000000000001
822,x_j40_s09,40,9,18,9,24,9.600000000000001
823,x_j40_s10,40,10,19,9,24,9.600000000000001
824,x_j40_s11,40,11,20,9,24,9.600000000000001
825,x_j40_s12,40,12,21,9,24,9.600000000000001
826,x_j40_s13,40,13,22,9,24,9.600000000000001
827,x_j40_s14,40,14,23,9,24,9.600000000000001
828,x_j40_s15,40,15,24,9,24,9.600000000000001
829,x_j41_s00,41,0,5,5,24,9.600000000000001
830,x_j41_s01,41,1,6,5,24,9.600000000000001
831,x_j41_s02,41,2,7,5,24,9.600000000000001
832,x_j41_s03,41,3,8,5,24,9.600000000000001
833,x_j41_s04,41,4,9,5,24,9.600000000000001
834,x_j41_s05,41,5,10,5,24,9.600000000000001
835,x_j41_s06,41,6,11,5,24,9.600000000000001
836,x_j41_s07,41,7,12,5,24,9.600000000000001
837,x_j41_s08,41,8,13,5,24,9.600000000000001
838,x_j41_s09,41,9,14,5,24,9.600000000000001
839,x_j41_s10,41,10,15,5,24,9.600000000000001
840,x_j41_s11,41,11,16,5,24,9.600000000000001
841,x_j41_s12,41,12,17,5,24,9.600000000000001
842,x_j41_s13,41,13,18,5,24,9.600000000000001
843,x_j41_s14,41,14,19,5,24,9.600000000000001
844,x_j41_s15,41,15,20,5,24,9.600000000000001
845,x_j41_s16,41,16,21,5,24,9.600000000000001
846,x_j41_s17,41,17,22,5,24,9.600000000000001
847,x_j41_s18,41,18,23,5,24,9.600000000000001
848,x_j41_s19,41,19,24,5,24,9.600000000000001
849,x_j42_s00,42,0,12,12,83,33.2
850,x_j42_s01,42,1,13,12,83,33.2
851,x_j42_s02,42,2,14,12,83,33.2
852,x_j42_s03,42,3,15,12,83,33.2
853,x_j42_s04,42,4,16,12,83,33.2
854,x_j42_s05,42,5,17,12,83,33.2
855,x_j42_s06,42,6,18,12,83,33.2
856,x_j42_s07,42,7,19,12,83,33.2
857,x_j42_s08,42,8,20,12,83,33.2
858,x_j42_s09,42,9,21,12,83,33.2
859,x_j42_s10,42,10,22,12,83,33.2
860,x_j42_s11,42,11,23,12,83,33.2
861,x_j42_s12,42,12,24,12,83,33.2
862,x_j43_s00,43,0,7,7,83,33.2
863,x_j43_s01,43,1,8,7,83,33.2
864,x_j43_s02,43,2,9,7,83,33.2
865,x_j43_s03,43,3,10,7,83,33.2
866,x_j43_s04,43,4,11,7,83,33.2
867,x_j43_s05,43,5,12,7,83,33.2
868,x_j43_s06,43,6,13,7,83,33.2
869,x_j43_s07,43,7,14,7,83,33.2
870,x_j43_s08,43,8,15,7,83,33.2
871,x_j43_s09,43,9,16,7,83,33.2
872,x_j43_s10,43,10,17,7,83,33.2
873,x_j43_s11,43,11,18,7,83,33.2
874,x_j43_s12,43,12,19,7,83,33.2
875,x_j43_s13,43,13,20,7,83,33.2
876,x_j43_s14,43,14,21,7,83,33.2
877,x_j43_s15,43,15,22,7,83,33.2
878,x_j43_s16,43,16,23,7,83,33.2
879,x_j43_s17,43,17,24,7,83,33.2
880,x_j44_s00,44,0,9,9,90,36.0
881,x_j44_s01,44,1,10,9,90,36.0
882,x_j44_s02,44,2,11,9,90,36.0
883,x_j44_s03,44,3,12,9,90,36.0
884,x_j44_s04,44,4,13,9,90,36.0
885,x_j44_s05,44,5,14,9,90,36.0
886,x_j44_s06,44,6,15,9,90,36.0
887,x_j44_s07,44,7,16,9,90,36.0
888,x_j44_s08,44,8,17,9,90,36.0
889,x_j44_s09,44,9,18,9,90,36.0
890,x_j44_s10,44,10,19,9,90,36.0
891,x_j44_s11,44,11,20,9,90,36.0
892,x_j44_s12,44,12,21,9,90,36.0
893,x_j44_s13,44,13,22,9,90,36.0
894,x_j44_s14,44,14,23,9,90,36.0
895,x_j44_s15,44,15,24,9,90,36.0
896,x_j45_s00,45,0,2,2,82,32.800000000000004
897,x_j45_s01,45,1,3,2,82,32.800000000000004
898,x_j45_s02,45,2,4,2,82,32.800000000000004
899,x_j45_s03,45,3,5,2,82,32.800000000000004
900,x_j45_s04,45,4,6,2,82,32.800000000000004
901,x_j45_s05,45,5,7,2,82,32.800000000000004
902,x_j45_s06,45,6,8,2,82,32.800000000000004
903,x_j45_s07,45,7,9,2,82,32.800000000000004
904,x_j45_s08,45,8,10,2,82,32.800000000000004
905,x_j45_s09,45,9,11,2,82,32.800000000000004
906,x_j45_s10,45,10,12,2,82,32.800000000000004
907,x_j45_s11,45,11,13,2,82,32.800000000000004
908,x_j45_s12,45,12,14,2,82,32.800000000000004
909,x_j45_s13,45,13,15,2,82,32.800000000000004
910,x_j45_s14,45,14,16,2,82,32.800000000000004
911,x_j45_s15,45,15,17,2,82,32.800000000000004
912,x_j45_s16,45,16,18,2,82,32.800000000000004
913,x_j45_s17,45,17,19,2,82,32.800000000000004
914,x_j45_s18,45,18,20,2,82,32.800000000000004
915,x_j45_s19,45,19,21,2,82,32.800000000000004
916,x_j45_s20,45,20,22,2,82,32.800000000000004
917,x_j45_s21,45,21,23,2,82,32.800000000000004
918,x_j45_s22,45,22,24,2,82,32.800000000000004
919,x_j46_s00,46,0,2,2,128,51.2
920,x_j46_s01,46,1,3,2,128,51.2
921,x_j46_s02,46,2,4,2,128,51.2
922,x_j46_s03,46,3,5,2,128,51.2
923,x_j46_s04,46,4,6,2,128,51.2
924,x_j46_s05,46,5,7,2,128,51.2
925,x_j46_s06,46,6,8,2,128,51.2
926,x_j46_s07,46,7,9,2,128,51.2
927,x_j46_s08,46,8,10,2,128,51.2
928,x_j46_s09,46,9,11,2,128,51.2
929,x_j46_s10,46,10,12,2,128,51.2
930,x_j46_s11,46,11,13,2,128,51.2
931,x_j46_s12,46,12,14,2,128,51.2
932,x_j46_s13,46,13,15,2,128,51.2
933,x_j46_s14,46,14,16,2,128,51.2
934,x_j46_s15,46,15,17,2,128,51.2
935,x_j46_s16,46,16,18,2,128,51.2
936,x_j46_s17,46,17,19,2,128,51.2
937,x_j46_s18,46,18,20,2,128,51.2
938,x_j46_s19,46,19,21,2,128,51.2
939,x_j46_s20,46,20,22,2,128,51.2
940,x_j46_s21,46,21,23,2,128,51.2
941,x_j46_s22,46,22,24,2,128,51.2
942,x_j47_s00,47,0,5,5,88,35.2
943,x_j47_s01,47,1,6,5,88,35.2
944,x_j47_s02,47,2,7,5,88,35.2
945,x_j47_s03,47,3,8,5,88,35.2
946,x_j47_s04,47,4,9,5,88,35.2
947,x_j47_s05,47,5,10,5,88,35.2
948,x_j47_s06,47,6,11,5,88,35.2
949,x_j47_s07,47,7,12,5,88,35.2
950,x_j47_s08,47,8,13,5,88,35.2
951,x_j47_s09,47,9,14,5,88,35.2
952,x_j47_s10,47,10,15,5,88,35.2
953,x_j47_s11,47,11,16,5,88,35.2
954,x_j47_s12,47,12,17,5,88,35.2
955,x_j47_s13,47,13,18,5,88,35.2
956,x_j47_s14,47,14,19,5,88,35.2
957,x_j47_s15,47,15,20,5,88,35.2
958,x_j47_s16,47,16,21,5,88,35.2
959,x_j47_s17,47,17,22,5,88,35.2
960,x_j47_s18,47,18,23,5,88,35.2
961,x_j47_s19,47,19,24,5,88,35.2
