event_id,slot,timestamp,raw_curtailment_MW,allocated_curtailment_kW,dispatch_target_kW,global_scale_kW_per_MW,flexible_envelope_peak_kW
0,0,2025-05-18 10:30:00,7639.253755238477,17.18867738325187,13.750941906601497,0.002250046658217768,23.52444402654598
0,1,2025-05-18 10:45:00,8175.802004793073,18.395935979134784,14.716748783307828,0.002250046658217768,23.52444402654598
0,2,2025-05-18 11:00:00,7603.79445414655,17.10889230132724,13.687113841061795,0.002250046658217768,23.52444402654598
0,3,2025-05-18 11:15:00,8287.559710139016,18.647396030578506,14.917916824462806,0.002250046658217768,23.52444402654598
0,4,2025-05-18 11:30:00,8820.99047877157,19.84764014893072,15.878112119144575,0.002250046658217768,23.52444402654598
0,5,2025-05-18 11:45:00,9208.54213338284,20.719649454275576,16.57571956342046,0.002250046658217768,23.52444402654598
0,6,2025-05-18 12:00:00,9168.447247705999,20.629434090746773,16.50354727259742,0.002250046658217768,23.52444402654598
0,7,2025-05-18 12:15:00,9432.034070338394,21.222516740161034,16.978013392128826,0.002250046658217768,23.52444402654598
0,8,2025-05-18 12:30:00,9486.195231649619,21.344381880174552,17.07550550413964,0.002250046658217768,23.52444402654598
0,9,2025-05-18 12:45:00,9703.922607368286,21.83427863431286,17.46742290745029,0.002250046658217768,23.52444402654598
0,10,2025-05-18 13:00:00,9409.940458675695,21.17280508307142,16.938244066457138,0.002250046658217768,23.52444402654598
0,11,2025-05-18 13:15:00,9421.648048377623,21.199147706156026,16.95931816492482,0.002250046658217768,23.52444402654598
0,12,2025-05-18 13:30:00,9142.563176588856,20.571193723028575,16.45695497842286,0.002250046658217768,23.52444402654598
0,13,2025-05-18 13:45:00,8608.809144236513,19.37022224622393,15.496177796979143,0.002250046658217768,23.52444402654598
0,14,2025-05-18 14:00:00,8798.973242039743,19.798100338999085,15.838480271199268,0.002250046658217768,23.52444402654598
0,15,2025-05-18 14:15:00,8837.76605803454,19.885385984991032,15.908308787992826,0.002250046658217768,23.52444402654598
0,16,2025-05-18 14:30:00,8769.605079311226,19.73202060259379,15.785616482075032,0.002250046658217768,23.52444402654598
0,17,2025-05-18 14:45:00,8992.9039162676,20.23445340447139,16.187562723577113,0.002250046658217768,23.52444402654598
0,18,2025-05-18 15:00:00,8939.10811157966,20.113410333907158,16.090728267125726,0.002250046658217768,23.52444402654598
0,19,2025-05-18 15:15:00,8704.51069217045,19.58555519433895,15.668444155471162,0.002250046658217768,23.52444402654598
0,20,2025-05-18 15:30:00,8037.56395612226,18.084893919684472,14.467915135747578,0.002250046658217768,23.52444402654598
0,21,2025-05-18 15:45:00,7678.740412428517,17.27752420430651,13.822019363445207,0.002250046658217768,23.52444402654598
0,22,2025-05-18 16:00:00,8466.949949145897,19.051032438372825,15.24082595069826,0.002250046658217768,23.52444402654598
0,23,2025-05-18 16:15:00,8312.929311281705,18.70447881684993,14.963583053479946,0.002250046658217768,23.52444402654598
1,0,2025-03-18 11:15:00,6753.784413836084,15.196330050675128,12.157064040540103,0.002250046658217768,23.52444402654598
1,1,2025-03-18 11:30:00,6780.631160650097,15.256736483628016,12.205389186902414,0.002250046658217768,23.52444402654598
1,2,2025-03-18 11:45:00,6945.539311288259,15.627787516884286,12.502230013507429,0.002250046658217768,23.52444402654598
1,3,2025-03-18 12:00:00,7060.14969542604,15.885666228710553,12.708532982968443,0.002250046658217768,23.52444402654598
1,4,2025-03-18 12:15:00,7382.886587236059,16.611839293611276,13.289471434889021,0.002250046658217768,23.52444402654598
1,5,2025-03-18 12:30:00,7595.724325765914,17.090734135933005,13.672587308746404,0.002250046658217768,23.52444402654598
1,6,2025-03-18 12:45:00,8059.474188318946,18.1341929644194,14.507354371535522,0.002250046658217768,23.52444402654598
1,7,2025-03-18 13:00:00,8266.275505888467,18.599505577931733,14.879604462345387,0.002250046658217768,23.52444402654598
1,8,2025-03-18 13:15:00,8730.819463837894,19.6447511581111,15.71580092648888,0.002250046658217768,23.52444402654598
1,9,2025-03-18 13:30:00,8997.779622184089,20.24542397027524,16.196339176220192,0.002250046658217768,23.52444402654598
1,10,2025-03-18 13:45:00,9122.80065632831,20.526727130358374,16.4213817042867,0.002250046658217768,23.52444402654598
1,11,2025-03-18 14:00:00,9118.60688324787,20.517290945253407,16.413832756202726,0.002250046658217768,23.52444402654598
1,12,2025-03-18 14:15:00,9678.524289722753,21.777131234570177,17.421704987656142,0.002250046658217768,23.52444402654598
1,13,2025-03-18 14:30:00,9459.814514040503,21.285024034676773,17.02801922774142,0.002250046658217768,23.52444402654598
1,14,2025-03-18 14:45:00,9721.160997394602,21.873065816184628,17.4984526529477,0.002250046658217768,23.52444402654598
1,15,2025-03-18 15:00:00,9694.883780431197,21.813940851968855,17.451152681575085,0.002250046658217768,23.52444402654598
1,16,2025-03-18 15:15:00,9524.229565155425,21.42996090517683,17.143968724141466,0.002250046658217768,23.52444402654598
1,17,2025-03-18 15:30:00,9436.676380709898,21.232962155098846,16.98636972407908,0.002250046658217768,23.52444402654598
1,18,2025-03-18 15:45:00,9133.33605122685,20.55043226044284,16.440345808354273,0.002250046658217768,23.52444402654598
1,19,2025-03-18 16:00:00,10047.346523233933,22.60699846855842,18.085598774846737,0.002250046658217768,23.52444402654598
1,20,2025-03-18 16:15:00,10455.0916491569,23.524444026545975,18.81955522123678,0.002250046658217768,23.52444402654598
1,21,2025-03-18 16:30:00,9668.637589583728,21.754885697961562,17.40390855836925,0.002250046658217768,23.52444402654598
1,22,2025-03-18 16:45:00,9292.892580212974,20.909441895284893,16.727553516227914,0.002250046658217768,23.52444402654598
1,23,2025-03-18 17:00:00,7585.47909906123,17.067681897823444,13.654145518258757,0.002250046658217768,23.52444402654598
2,0,2025-03-29 10:15:00,7174.820947674154,16.14368189662507,12.914945517300055,0.002250046658217768,23.52444402654598
2,1,2025-03-29 10:30:00,7617.000523463612,17.13860657346229,13.710885258769833,0.002250046658217768,23.52444402654598
2,2,2025-03-29 10:45:00,7906.3191615381,17.789587008221908,14.231669606577526,0.002250046658217768,23.52444402654598
2,3,2025-03-29 11:00:00,7806.572058160799,17.56515137160091,14.052121097280727,0.002250046658217768,23.52444402654598
2,4,2025-03-29 11:15:00,7859.416718744491,17.684054323551898,14.147243458841519,0.002250046658217768,23.52444402654598
2,5,2025-03-29 11:30:00,8214.916730213505,18.48394593635413,14.787156749083303,0.002250046658217768,23.52444402654598
2,6,2025-03-29 11:45:00,8591.015666260379,19.330186090565658,15.464148872452526,0.002250046658217768,23.52444402654598
2,7,2025-03-29 12:00:00,8904.20497942667,20.034876658044986,16.02790132643599,0.002250046658217768,23.52444402654598
2,8,2025-03-29 12:15:00,8964.416546353334,20.170355492994382,16.136284394395506,0.002250046658217768,23.52444402654598
2,9,2025-03-29 12:30:00,9301.644562254387,20.929134263229958,16.743307410583967,0.002250046658217768,23.52444402654598
2,10,2025-03-29 12:45:00,9537.06112408687,21.45883251147025,17.1670660091762,0.002250046658217768,23.52444402654598
2,11,2025-03-29 13:00:00,9216.241603568727,20.73697362143738,16.589578897149902,0.002250046658217768,23.52444402654598
2,12,2025-03-29 13:15:00,9511.782182236331,21.401953712836164,17.121562970268933,0.002250046658217768,23.52444402654598
2,13,2025-03-29 13:30:00,9503.889657558104,21.38419516405902,17.107356131247215,0.002250046658217768,23.52444402654598
2,14,2025-03-29 13:45:00,9441.181375296235,21.243098603113125,16.9944788824905,0.002250046658217768,23.52444402654598
2,15,2025-03-29 14:00:00,9088.486263003133,20.44951814432829,16.359614515462635,0.002250046658217768,23.52444402654598
2,16,2025-03-29 14:15:00,9054.09393095539,20.37213379253595,16.29770703402876,0.002250046658217768,23.52444402654598
2,17,2025-03-29 14:30:00,9016.964303188515,20.288590397658222,16.23087231812658,0.002250046658217768,23.52444402654598
2,18,2025-03-29 14:45:00,9063.988215223333,20.39439639378849,16.315517115030794,0.002250046658217768,23.52444402654598
2,19,2025-03-29 15:00:00,9108.250330488672,20.49398821832692,16.395190574661537,0.002250046658217768,23.52444402654598
2,20,2025-03-29 15:15:00,8570.411735144999,19.283826284213347,15.427061027370678,0.002250046658217768,23.52444402654598
2,21,2025-03-29 15:30:00,8111.413177679951,18.251058113862342,14.600846491089875,0.002250046658217768,23.52444402654598
2,22,2025-03-29 15:45:00,7411.663326769999,16.67658830023402,13.341270640187217,0.002250046658217768,23.52444402654598
2,23,2025-03-29 16:00:00,7160.735733174806,16.11198950681053,12.889591605448425,0.002250046658217768,23.52444402654598
3,0,2025-04-05 10:15:00,7022.721348192196,15.80145070109443,12.641160560875544,0.002250046658217768,23.52444402654598
3,1,2025-04-05 10:30:00,7416.760481324666,16.68805713580617,13.350445708644935,0.002250046658217768,23.52444402654598
3,2,2025-04-05 10:45:00,7805.512016079956,17.56276622745934,14.050212981967471,0.002250046658217768,23.52444402654598
3,3,2025-04-05 11:00:00,7551.006612677179,16.990117195034554,13.592093756027644,0.002250046658217768,23.52444402654598
3,4,2025-04-05 11:15:00,7862.642698723456,17.691312929023045,14.153050343218437,0.002250046658217768,23.52444402654598
3,5,2025-04-05 11:30:00,8191.240089298917,18.43067238958644,14.744537911669154,0.002250046658217768,23.52444402654598
3,6,2025-04-05 11:45:00,8240.458222143769,18.541415484917717,14.833132387934175,0.002250046658217768,23.52444402654598
3,7,2025-04-05 12:00:00,8226.765363432243,18.5106059139324,14.808484731145922,0.002250046658217768,23.52444402654598
3,8,2025-04-05 12:15:00,8516.009746313994,19.161419271043744,15.329135416834996,0.002250046658217768,23.52444402654598
3,9,2025-04-05 12:30:00,8502.897591355364,19.131916310597045,15.305533048477637,0.002250046658217768,23.52444402654598
3,10,2025-04-05 12:45:00,8668.626621399175,19.504814360816795,15.603851488653437,0.002250046658217768,23.52444402654598
3,11,2025-04-05 13:00:00,8460.41407714354,19.03632642141538,15.229061137132305,0.002250046658217768,23.52444402654598
3,12,2025-04-05 13:15:00,8717.25853712338,19.614238440274768,15.691390752219815,0.002250046658217768,23.52444402654598
3,13,2025-04-05 13:30:00,8673.32400617836,19.515383695741562,15.612306956593251,0.002250046658217768,23.52444402654598
3,14,2025-04-05 13:45:00,8775.44922931004,19.74517021276874,15.796136170214993,0.002250046658217768,23.52444402654598
3,15,2025-04-05 14:00:00,8735.276742922304,19.65478024401972,15.723824195215776,0.002250046658217768,23.52444402654598
3,16,2025-04-05 14:15:00,9132.95294414909,20.549570251642788,16.439656201314232,0.002250046658217768,23.52444402654598
3,17,2025-04-05 14:30:00,8548.786370302898,19.235168204317638,15.388134563454111,0.002250046658217768,23.52444402654598
3,18,2025-04-05 14:45:00,8591.734751132959,19.33180406508018,15.465443252064146,0.002250046658217768,23.52444402654598
3,19,2025-04-05 15:00:00,8268.347198285222,18.60416698248591,14.88333358598873,0.002250046658217768,23.52444402654598
3,20,2025-04-05 15:15:00,7797.33284380135,17.544362708206872,14.035490166565499,0.002250046658217768,23.52444402654598
3,21,2025-04-05 15:30:00,7575.139518947596,17.044417360141388,13.63553388811311,0.002250046658217768,23.52444402654598
3,22,2025-04-05 15:45:00,7492.881000317976,16.85933185518887,13.487465484151096,0.002250046658217768,23.52444402654598
3,23,2025-04-05 16:00:00,7095.774931726487,15.965824672596593,12.772659738077275,0.002250046658217768,23.52444402654598
4,0,2025-03-15 11:15:00,6166.478643664494,13.874864665148529,11.099891732118824,0.002250046658217768,23.52444402654598
4,1,2025-03-15 11:30:00,6677.293759490323,15.024222509479559,12.019378007583647,0.002250046658217768,23.52444402654598
4,2,2025-03-15 11:45:00,6610.505648574734,14.873946143705258,11.899156914964207,0.002250046658217768,23.52444402654598
4,3,2025-03-15 12:00:00,6427.1995332262595,14.461498831434543,11.569199065147636,0.002250046658217768,23.52444402654598
4,4,2025-03-15 12:15:00,6420.568698575221,14.44657914408678,11.557263315269424,0.002250046658217768,23.52444402654598
4,5,2025-03-15 12:30:00,6528.087120600583,14.688500610261793,11.750800488209435,0.002250046658217768,23.52444402654598
4,6,2025-03-15 12:45:00,6855.753602300771,15.425765482421273,12.34061238593702,0.002250046658217768,23.52444402654598
4,7,2025-03-15 13:00:00,7531.57037566075,16.94638475488741,13.557107803909929,0.002250046658217768,23.52444402654598
4,8,2025-03-15 13:15:00,7390.010891476787,16.627869310560254,13.302295448448204,0.002250046658217768,23.52444402654598
4,9,2025-03-15 13:30:00,7649.0463722102395,17.21071122834439,13.768568982675513,0.002250046658217768,23.52444402654598
4,10,2025-03-15 13:45:00,7429.0539226520605,16.715717952382867,13.372574361906295,0.002250046658217768,23.52444402654598
4,11,2025-03-15 14:00:00,7935.9083797870235,17.856164129862172,14.284931303889739,0.002250046658217768,23.52444402654598
4,12,2025-03-15 14:15:00,8641.674735162967,19.44417135925835,15.555337087406679,0.002250046658217768,23.52444402654598
4,13,2025-03-15 14:30:00,8699.713009286237,19.57476018399814,15.659808147198513,0.002250046658217768,23.52444402654598
4,14,2025-03-15 14:45:00,8900.406230197266,20.02632929503596,16.02106343602877,0.002250046658217768,23.52444402654598
4,15,2025-03-15 15:00:00,9744.410828079834,21.925379020022064,17.54030321601765,0.002250046658217768,23.52444402654598
4,16,2025-03-15 15:15:00,9416.175774701003,21.186834835057095,16.949467868045677,0.002250046658217768,23.52444402654598
4,17,2025-03-15 15:30:00,9689.515907695028,21.801862887857098,17.44149031028568,0.002250046658217768,23.52444402654598
4,18,2025-03-15 15:45:00,9680.665501897109,21.78194906186762,17.425559249494096,0.002250046658217768,23.52444402654598
4,19,2025-03-15 16:00:00,9949.95053104148,22.387852941801988,17.91028235344159,0.002250046658217768,23.52444402654598
4,20,2025-03-15 16:15:00,9968.503121476237,22.429597135910996,17.943677708728796,0.002250046658217768,23.52444402654598
4,21,2025-03-15 16:30:00,9524.52502304711,21.43062569921866,17.14450055937493,0.002250046658217768,23.52444402654598
4,22,2025-03-15 16:45:00,8683.4490641672,19.538165548633614,15.630532438906892,0.002250046658217768,23.52444402654598
4,23,2025-03-15 17:00:00,7256.078445532847,16.326515058137158,13.061212046509727,0.002250046658217768,23.52444402654598
5,0,2025-03-20 11:00:00,6987.961178084447,15.723238696504406,12.578590957203525,0.002250046658217768,23.52444402654598
5,1,2025-03-20 11:15:00,7045.13216266,15.85187607929565,12.68150086343652,0.002250046658217768,23.52444402654598
5,2,2025-03-20 11:30:00,6674.862159122557,15.018751295197946,12.015001036158358,0.002250046658217768,23.52444402654598
5,3,2025-03-20 11:45:00,7169.235010079757,16.13111327640778,12.904890621126226,0.002250046658217768,23.52444402654598
5,4,2025-03-20 12:00:00,7203.037317209026,16.207170044604045,12.965736035683236,0.002250046658217768,23.52444402654598
5,5,2025-03-20 12:15:00,7478.085720153365,16.82604178449709,13.460833427597672,0.002250046658217768,23.52444402654598
5,6,2025-03-20 12:30:00,7586.99111071417,17.071083994590328,13.656867195672262,0.002250046658217768,23.52444402654598
5,7,2025-03-20 12:45:00,7732.627282000986,17.398772175109862,13.91901774008789,0.002250046658217768,23.52444402654598
5,8,2025-03-20 13:00:00,7526.47964329075,16.93493036953041,13.547944295624328,0.002250046658217768,23.52444402654598
5,9,2025-03-20 13:15:00,7511.442943696937,16.901097093858727,13.520877675086982,0.002250046658217768,23.52444402654598
5,10,2025-03-20 13:30:00,7697.032531636629,17.318682326002442,13.854945860801955,0.002250046658217768,23.52444402654598
5,11,2025-03-20 13:45:00,7726.834282019313,17.38573765486004,13.908590123888033,0.002250046658217768,23.52444402654598
5,12,2025-03-20 14:00:00,8773.190052181484,19.740086958820314,15.792069567056252,0.002250046658217768,23.52444402654598
5,13,2025-03-20 14:15:00,9166.877888637033,20.625902959618106,16.500722367694486,0.002250046658217768,23.52444402654598
5,14,2025-03-20 14:30:00,9151.723614949546,20.591805136749855,16.473444109399885,0.002250046658217768,23.52444402654598
5,15,2025-03-20 14:45:00,9306.472479848397,20.93999730307851,16.75199784246281,0.002250046658217768,23.52444402654598
5,16,2025-03-20 15:00:00,8944.717437735977,20.12603157948003,16.100825263584024,0.002250046658217768,23.52444402654598
5,17,2025-03-20 15:15:00,8186.328301128659,18.41962063702808,14.735696509622464,0.002250046658217768,23.52444402654598
5,18,2025-03-20 15:30:00,8184.140372691644,18.41469769595995,14.731758156767961,0.002250046658217768,23.52444402654598
5,19,2025-03-20 15:45:00,7663.156114418641,17.242458806648717,13.793967045318974,0.002250046658217768,23.52444402654598
5,20,2025-03-20 16:00:00,9351.780380986054,21.041942194624156,16.833553755699324,0.002250046658217768,23.52444402654598
5,21,2025-03-20 16:15:00,8153.431833177194,18.345602049246715,14.676481639397373,0.002250046658217768,23.52444402654598
5,22,2025-03-20 16:30:00,7178.939550591051,16.15294894535476,12.922359156283807,0.002250046658217768,23.52444402654598
5,23,2025-03-20 16:45:00,6519.142495462359,14.668374786360522,11.734699829088418,0.002250046658217768,23.52444402654598
6,0,2025-03-09 10:45:00,6548.071384129999,14.7334661356331,11.78677290850648,0.002250046658217768,23.52444402654598
6,1,2025-03-09 11:00:00,6298.347144869566,14.171574945609187,11.337259956487351,0.002250046658217768,23.52444402654598
6,2,2025-03-09 11:15:00,6654.475109005088,14.972879481210216,11.978303584968174,0.002250046658217768,23.52444402654598
6,3,2025-03-09 11:30:00,6904.055119335026,15.534446149411048,12.42755691952884,0.002250046658217768,23.52444402654598
6,4,2025-03-09 11:45:00,7070.9970989367575,15.910073392730183,12.728058714184147,0.002250046658217768,23.52444402654598
6,5,2025-03-09 12:00:00,6857.319989433333,15.42928992655437,12.343431941243496,0.002250046658217768,23.52444402654598
6,6,2025-03-09 12:15:00,7115.244912168797,16.009633037026376,12.807706429621101,0.002250046658217768,23.52444402654598
6,7,2025-03-09 12:30:00,7412.220715251763,16.677842450324743,13.342273960259796,0.002250046658217768,23.52444402654598
6,8,2025-03-09 12:45:00,7482.44069697706,16.83584068554586,13.46867254843669,0.002250046658217768,23.52444402654598
6,9,2025-03-09 13:00:00,7402.236229800146,16.65537689220031,13.324301513760247,0.002250046658217768,23.52444402654598
6,10,2025-03-09 13:15:00,7542.60581219186,16.97121500197621,13.576972001580968,0.002250046658217768,23.52444402654598
6,11,2025-03-09 13:30:00,7594.89388370169,17.088865602541553,13.671092482033243,0.002250046658217768,23.52444402654598
6,12,2025-03-09 13:45:00,7879.156088463334,17.728468826423104,14.182775061138484,0.002250046658217768,23.52444402654598
6,13,2025-03-09 14:00:00,7463.0884874234,16.792297311110516,13.433837848888414,0.002250046658217768,23.52444402654598
6,14,2025-03-09 14:15:00,7883.37568222747,17.737963109271135,14.190370487416908,0.002250046658217768,23.52444402654598
6,15,2025-03-09 14:30:00,8683.1794712747,19.537558952046762,15.63004716163741,0.002250046658217768,23.52444402654598
6,16,2025-03-09 14:45:00,9018.55328235548,20.29216567492283,16.233732539938266,0.002250046658217768,23.52444402654598
6,17,2025-03-09 15:00:00,8299.484742196802,18.67422790910927,14.939382327287417,0.002250046658217768,23.52444402654598
6,18,2025-03-09 15:15:00,8366.155107848792,18.824239342546683,15.059391474037348,0.002250046658217768,23.52444402654598
6,19,2025-03-09 15:30:00,8003.9686764690605,18.0093029729689,14.407442378375121,0.002250046658217768,23.52444402654598
6,20,2025-03-09 15:45:00,7930.984610055467,17.84508541823185,14.276068334585482,0.002250046658217768,23.52444402654598
6,21,2025-03-09 16:00:00,9011.542998758434,20.276392209742138,16.22111376779371,0.002250046658217768,23.52444402654598
6,22,2025-03-09 16:15:00,8039.473012096726,18.089189384700173,14.47135150776014,0.002250046658217768,23.52444402654598
6,23,2025-03-09 16:30:00,7125.8167609496195,16.03342019004685,12.826736152037482,0.002250046658217768,23.52444402654598
7,0,2025-04-20 10:30:00,5457.155704821676,12.278854957008042,9.823083965606434,0.002250046658217768,23.52444402654598
7,1,2025-04-20 10:45:00,6045.88546093555,13.603524377345424,10.882819501876341,0.002250046658217768,23.52444402654598
7,2,2025-04-20 11:00:00,5352.268262036257,12.0428533168797,9.63428265350376,0.002250046658217768,23.52444402654598
7,3,2025-04-20 11:15:00,5565.197598458453,12.52195425873299,10.017563406986392,0.002250046658217768,23.52444402654598
7,4,2025-04-20 11:30:00,5825.924250993766,13.108601391978375,10.486881113582701,0.002250046658217768,23.52444402654598
7,5,2025-04-20 11:45:00,5870.973284379364,13.20996381900358,10.567971055202865,0.002250046658217768,23.52444402654598
7,6,2025-04-20 12:00:00,6391.385546610537,14.380915690532381,11.504732552425907,0.002250046658217768,23.52444402654598
7,7,2025-04-20 12:15:00,7405.810789679497,16.663419818711443,13.330735854969156,0.002250046658217768,23.52444402654598
7,8,2025-04-20 12:30:00,7608.1701986226135,17.118737930562823,13.69499034445026,0.002250046658217768,23.52444402654598
7,9,2025-04-20 12:45:00,8267.22784127908,18.601648376994888,14.88131870159591,0.002250046658217768,23.52444402654598
7,10,2025-04-20 13:00:00,8715.147425970446,19.609488341679985,15.687590673343989,0.002250046658217768,23.52444402654598
7,11,2025-04-20 13:15:00,9060.110531135966,20.385671423666086,16.30853713893287,0.002250046658217768,23.52444402654598
7,12,2025-04-20 13:30:00,9345.964717770838,21.02885668104144,16.823085344833153,0.002250046658217768,23.52444402654598
7,13,2025-04-20 13:45:00,9108.860724032977,20.495361632281476,16.39628930582518,0.002250046658217768,23.52444402654598
7,14,2025-04-20 14:00:00,8889.642354808218,20.00211007318736,16.001688058549888,0.002250046658217768,23.52444402654598
7,15,2025-04-20 14:15:00,9043.582261779628,20.348482046434736,16.278785637147788,0.002250046658217768,23.52444402654598
7,16,2025-04-20 14:30:00,8708.889000158248,19.595406591595545,15.676325273276436,0.002250046658217768,23.52444402654598
7,17,2025-04-20 14:45:00,8908.716061565812,20.045026803337112,16.03602144266969,0.002250046658217768,23.52444402654598
7,18,2025-04-20 15:00:00,7866.433844141499,17.69984318310173,14.159874546481385,0.002250046658217768,23.52444402654598
7,19,2025-04-20 15:15:00,7810.7016968084745,17.574443251239757,14.059554600991806,0.002250046658217768,23.52444402654598
7,20,2025-04-20 15:30:00,7079.06120997288,15.928218018818507,12.742574415054806,0.002250046658217768,23.52444402654598
7,21,2025-04-20 15:45:00,6812.623488337763,15.328720713630256,12.262976570904206,0.002250046658217768,23.52444402654598
7,22,2025-04-20 16:00:00,6540.677832659829,14.71683029985528,11.773464239884225,0.002250046658217768,23.52444402654598
7,23,2025-04-20 16:15:00,5679.457059412341,12.779043377022049,10.22323470161764,0.002250046658217768,23.52444402654598
8,0,2025-04-19 10:30:00,5864.587831693396,13.195596252526311,10.55647700202105,0.002250046658217768,23.52444402654598
8,1,2025-04-19 10:45:00,6109.763060752043,13.747251957347496,10.997801565877998,0.002250046658217768,23.52444402654598
8,2,2025-04-19 11:00:00,5897.986332721285,13.270744438153596,10.616595550522877,0.002250046658217768,23.52444402654598
8,3,2025-04-19 11:15:00,6598.245860220544,14.846361047888458,11.877088838310767,0.002250046658217768,23.52444402654598
8,4,2025-04-19 11:30:00,6713.2001209283835,15.105013498042025,12.08401079843362,0.002250046658217768,23.52444402654598
8,5,2025-04-19 11:45:00,6968.260142351018,15.678910446888976,12.543128357511181,0.002250046658217768,23.52444402654598
8,6,2025-04-19 12:00:00,6483.027672224013,14.587114749020957,11.669691799216766,0.002250046658217768,23.52444402654598
8,7,2025-04-19 12:15:00,7099.956516162753,15.975233432683469,12.780186746146775,0.002250046658217768,23.52444402654598
8,8,2025-04-19 12:30:00,6879.269475294765,15.478677293866483,12.382941835093186,0.002250046658217768,23.52444402654598
8,9,2025-04-19 12:45:00,7526.526891078988,16.935036679258445,13.548029343406757,0.002250046658217768,23.52444402654598
8,10,2025-04-19 13:00:00,6800.660684592781,15.301803847040945,12.241443077632757,0.002250046658217768,23.52444402654598
8,11,2025-04-19 13:15:00,7334.777400785377,16.503591379408345,13.202873103526677,0.002250046658217768,23.52444402654598
8,12,2025-04-19 13:30:00,7324.124995588354,16.4796229706928,13.183698376554242,0.002250046658217768,23.52444402654598
8,13,2025-04-19 13:45:00,7919.5516444452505,17.819360712167065,14.255488569733652,0.002250046658217768,23.52444402654598
8,14,2025-04-19 14:00:00,8075.2591254126755,18.169709809377327,14.535767847501862,0.002250046658217768,23.52444402654598
8,15,2025-04-19 14:15:00,8199.482609906736,18.449218445535355,14.759374756428285,0.002250046658217768,23.52444402654598
8,16,2025-04-19 14:30:00,8220.81872426747,18.497225698352075,14.79778055868166,0.002250046658217768,23.52444402654598
8,17,2025-04-19 14:45:00,8337.392674904835,18.759522526418923,15.007618021135139,0.002250046658217768,23.52444402654598
8,18,2025-04-19 15:00:00,7948.901082728055,17.88539831769586,14.308318654156688,0.002250046658217768,23.52444402654598
8,19,2025-04-19 15:15:00,7364.884244105251,16.571333181609713,13.25706654528777,0.002250046658217768,23.52444402654598
8,20,2025-04-19 15:30:00,6934.380128207202,15.602678834284312,12.482143067427451,0.002250046658217768,23.52444402654598
8,21,2025-04-19 15:45:00,6320.452776721894,14.22131364868631,11.377050918949049,0.002250046658217768,23.52444402654598
8,22,2025-04-19 16:00:00,6504.888830373816,14.63630337486069,11.709042699888553,0.002250046658217768,23.52444402654598
8,23,2025-04-19 16:15:00,5667.077878097959,12.751189641474152,10.200951713179322,0.002250046658217768,23.52444402654598
9,0,2025-04-06 10:15:00,6055.267734320833,13.624634930222467,10.899707944177974,0.002250046658217768,23.52444402654598
9,1,2025-04-06 10:30:00,6558.68120197888,14.757338720828274,11.80587097666262,0.002250046658217768,23.52444402654598
9,2,2025-04-06 10:45:00,6523.057193189226,14.677183038898791,11.741746431119033,0.002250046658217768,23.52444402654598
9,3,2025-04-06 11:00:00,6486.781449988022,14.595560924134556,11.676448739307645,0.002250046658217768,23.52444402654598
9,4,2025-04-06 11:15:00,6563.03815631432,14.767142071370737,11.81371365709659,0.002250046658217768,23.52444402654598
9,5,2025-04-06 11:30:00,6595.230135843423,14.839575527331611,11.87166042186529,0.002250046658217768,23.52444402654598
9,6,2025-04-06 11:45:00,6708.013790548113,15.093344012701484,12.074675210161189,0.002250046658217768,23.52444402654598
9,7,2025-04-06 12:00:00,6491.8442872284395,14.606952544148458,11.685562035318767,0.002250046658217768,23.52444402654598
9,8,2025-04-06 12:15:00,6935.2198302344505,15.604568203024622,12.483654562419698,0.002250046658217768,23.52444402654598
9,9,2025-04-06 12:30:00,7163.595079318719,16.11842316904633,12.894738535237066,0.002250046658217768,23.52444402654598
9,10,2025-04-06 12:45:00,7164.121782215637,16.119608275139413,12.895686620111531,0.002250046658217768,23.52444402654598
9,11,2025-04-06 13:00:00,6983.345577178868,15.712853379111142,12.570282703288914,0.002250046658217768,23.52444402654598
9,12,2025-04-06 13:15:00,7044.72702030965,15.850964490104142,12.680771592083314,0.002250046658217768,23.52444402654598
9,13,2025-04-06 13:30:00,7048.88851578537,15.860328049092475,12.68826243927398,0.002250046658217768,23.52444402654598
9,14,2025-04-06 13:45:00,7037.469083052077,15.834633792632184,12.667707034105748,0.002250046658217768,23.52444402654598
9,15,2025-04-06 14:00:00,6810.1624415044835,15.32318324342732,12.258546594741857,0.002250046658217768,23.52444402654598
9,16,2025-04-06 14:15:00,6867.649198778437,15.452531129523353,12.362024903618682,0.002250046658217768,23.52444402654598
9,17,2025-04-06 14:30:00,6881.045304963963,15.482672993479227,12.386138394783382,0.002250046658217768,23.52444402654598
9,18,2025-04-06 14:45:00,6800.289721138227,15.300969161959705,12.240775329567764,0.002250046658217768,23.52444402654598
9,19,2025-04-06 15:00:00,6795.230694501076,15.28958611598095,12.23166889278476,0.002250046658217768,23.52444402654598
9,20,2025-04-06 15:15:00,6974.360243287413,15.692635958615703,12.554108766892563,0.002250046658217768,23.52444402654598
9,21,2025-04-06 15:30:00,6831.326108387941,15.370802481374076,12.296641985099262,0.002250046658217768,23.52444402654598
9,22,2025-04-06 15:45:00,6558.65720431706,14.75728472496949,11.805827779975592,0.002250046658217768,23.52444402654598
9,23,2025-04-06 16:00:00,6540.710525591702,14.716903860477391,11.773523088381914,0.002250046658217768,23.52444402654598
10,0,2025-03-08 09:45:00,5277.668017052103,11.874999284950878,9.499999427960702,0.002250046658217768,23.52444402654598
10,1,2025-03-08 10:00:00,5459.20376200624,12.283463181232008,9.826770544985607,0.002250046658217768,23.52444402654598
10,2,2025-03-08 10:15:00,5759.329758077923,12.958760675737375,10.3670085405899,0.002250046658217768,23.52444402654598
10,3,2025-03-08 10:30:00,6169.246661857213,13.881092835232943,11.104874268186355,0.002250046658217768,23.52444402654598
10,4,2025-03-08 10:45:00,6754.15221503575,15.197157620535323,12.15772609642826,0.002250046658217768,23.52444402654598
10,5,2025-03-08 11:00:00,6040.49809253943,13.591402547089146,10.873122037671317,0.002250046658217768,23.52444402654598
10,6,2025-03-08 11:15:00,6143.212709984605,13.822515228821779,11.058012183057423,0.002250046658217768,23.52444402654598
10,7,2025-03-08 11:30:00,6468.6843871146875,14.554841688292854,11.643873350634284,0.002250046658217768,23.52444402654598
10,8,2025-03-08 11:45:00,6402.772344027377,14.406536516007943,11.525229212806355,0.002250046658217768,23.52444402654598
10,9,2025-03-08 12:00:00,6376.41862750951,14.347239424225299,11.47779153938024,0.002250046658217768,23.52444402654598
10,10,2025-03-08 12:15:00,6746.746492515904,15.180494399327857,12.144395519462286,0.002250046658217768,23.52444402654598
10,11,2025-03-08 12:30:00,6872.86976181,15.464277639926538,12.37142211194123,0.002250046658217768,23.52444402654598
10,12,2025-03-08 12:45:00,6977.610010626667,15.699948086757376,12.5599584694059,0.002250046658217768,23.52444402654598
10,13,2025-03-08 13:00:00,7347.3121497133325,16.53179514934529,13.225436119476232,0.002250046658217768,23.52444402654598
10,14,2025-03-08 13:15:00,7473.831927103361,16.816470551660178,13.453176441328143,0.002250046658217768,23.52444402654598
10,15,2025-03-08 13:30:00,7599.061695079654,17.09824337260462,13.678594698083698,0.002250046658217768,23.52444402654598
10,16,2025-03-08 13:45:00,7796.070852220953,17.541523168268704,14.033218534614964,0.002250046658217768,23.52444402654598
10,17,2025-03-08 14:00:00,8182.416422635841,18.410818727897958,14.728654982318368,0.002250046658217768,23.52444402654598
10,18,2025-03-08 14:15:00,7758.913834334667,17.457918144344326,13.966334515475461,0.002250046658217768,23.52444402654598
10,19,2025-03-08 14:30:00,7420.999475450967,16.69759507037426,13.358076056299408,0.002250046658217768,23.52444402654598
10,20,2025-03-08 14:45:00,7071.764583944689,15.911800269807511,12.72944021584601,0.002250046658217768,23.52444402654598
10,21,2025-03-08 15:00:00,6949.032168290425,15.63564660810964,12.508517286487713,0.002250046658217768,23.52444402654598
10,22,2025-03-08 15:15:00,6352.835596595153,14.294176504325804,11.435341203460645,0.002250046658217768,23.52444402654598
10,23,2025-03-08 15:30:00,5781.45899471386,13.008552490678976,10.406841992543182,0.002250046658217768,23.52444402654598
11,0,2025-02-23 09:45:00,5916.0454708925345,13.311378341646108,10.649102673316888,0.002250046658217768,23.52444402654598
11,1,2025-02-23 10:00:00,5593.68793848642,12.586058853104404,10.068847082483524,0.002250046658217768,23.52444402654598
11,2,2025-02-23 10:15:00,5761.140575763333,12.962835100019074,10.37026808001526,0.002250046658217768,23.52444402654598
11,3,2025-02-23 10:30:00,5914.671567166667,13.308286994159008,10.646629595327207,0.002250046658217768,23.52444402654598
11,4,2025-02-23 10:45:00,5934.466669806589,13.352826898703043,10.682261518962434,0.002250046658217768,23.52444402654598
11,5,2025-02-23 11:00:00,5948.947776612277,13.385410064678474,10.70832805174278,0.002250046658217768,23.52444402654598
11,6,2025-02-23 11:15:00,5940.080167810001,13.36545753112653,10.692366024901226,0.002250046658217768,23.52444402654598
11,7,2025-02-23 11:30:00,6109.270946142024,13.746144676513762,10.99691574121101,0.002250046658217768,23.52444402654598
11,8,2025-02-23 11:45:00,6289.687822636272,14.152091066555734,11.321672853244587,0.002250046658217768,23.52444402654598
11,9,2025-02-23 12:00:00,6122.125989603333,13.775069124095126,11.020055299276102,0.002250046658217768,23.52444402654598
11,10,2025-02-23 12:15:00,6190.26583415,13.92838695360883,11.142709562887065,0.002250046658217768,23.52444402654598
11,11,2025-02-23 12:30:00,6442.046172940492,14.494904463509316,11.595923570807454,0.002250046658217768,23.52444402654598
11,12,2025-02-23 12:45:00,6535.951823761294,14.706196559326425,11.76495724746114,0.002250046658217768,23.52444402654598
11,13,2025-02-23 13:00:00,6849.416518954023,15.411506749214075,12.329205399371261,0.002250046658217768,23.52444402654598
11,14,2025-02-23 13:15:00,7268.181744609999,16.353748045779117,13.082998436623294,0.002250046658217768,23.52444402654598
11,15,2025-02-23 13:30:00,7566.416672097646,17.024790547736515,13.619832438189214,0.002250046658217768,23.52444402654598
11,16,2025-02-23 13:45:00,7671.363699277284,17.260926255531945,13.808741004425556,0.002250046658217768,23.52444402654598
11,17,2025-02-23 14:00:00,7758.935079144913,17.457965946158627,13.966372756926901,0.002250046658217768,23.52444402654598
11,18,2025-02-23 14:15:00,7584.316748066994,17.06506655385319,13.652053243082552,0.002250046658217768,23.52444402654598
11,19,2025-02-23 14:30:00,7408.861523296284,16.670284111691004,13.336227289352804,0.002250046658217768,23.52444402654598
11,20,2025-02-23 14:45:00,7257.59626564987,16.32993022421924,13.063944179375392,0.002250046658217768,23.52444402654598
11,21,2025-02-23 15:00:00,7752.999886812554,17.44461148648532,13.955689189188258,0.002250046658217768,23.52444402654598
11,22,2025-02-23 15:15:00,7392.746600561546,16.63402478364427,13.307219826915418,0.002250046658217768,23.52444402654598
11,23,2025-02-23 15:30:00,6500.792531175731,14.627086510538978,11.701669208431184,0.002250046658217768,23.52444402654598
12,0,2025-03-22 09:30:00,5233.367748752406,11.775321614304996,9.420257291443997,0.002250046658217768,23.52444402654598
12,1,2025-03-22 09:45:00,5886.82581705513,13.245632757174976,10.596506205739981,0.002250046658217768,23.52444402654598
12,2,2025-03-22 10:00:00,6404.775897541091,14.411044604896036,11.52883568391683,0.002250046658217768,23.52444402654598
12,3,2025-03-22 10:15:00,6590.022884658762,14.827858969205064,11.862287175364052,0.002250046658217768,23.52444402654598
12,4,2025-03-22 10:30:00,7092.53110238073,15.958525905217343,12.766820724173876,0.002250046658217768,23.52444402654598
12,5,2025-03-22 10:45:00,7421.291882872999,16.698253000717038,13.35860240057363,0.002250046658217768,23.52444402654598
12,6,2025-03-22 11:00:00,7318.993738427245,16.468077402664992,13.174461922131995,0.002250046658217768,23.52444402654598
12,7,2025-03-22 11:15:00,7367.279816860763,16.57672333208277,13.261378665666218,0.002250046658217768,23.52444402654598
12,8,2025-03-22 11:30:00,7461.921827819293,16.789672272567017,13.431737818053614,0.002250046658217768,23.52444402654598
12,9,2025-03-22 11:45:00,7444.139719047373,16.749661698148696,13.399729358518957,0.002250046658217768,23.52444402654598
12,10,2025-03-22 12:00:00,7420.403360412524,16.696253783724096,13.357003026979278,0.002250046658217768,23.52444402654598
12,11,2025-03-22 12:15:00,7290.689218824671,16.40439091292076,13.123512730336609,0.002250046658217768,23.52444402654598
12,12,2025-03-22 12:30:00,7309.046742812804,16.445696198423413,13.156556958738731,0.002250046658217768,23.52444402654598
12,13,2025-03-22 12:45:00,7496.714687771263,16.867957830831788,13.49436626466543,0.002250046658217768,23.52444402654598
12,14,2025-03-22 13:00:00,6712.507088752405,15.103454143310428,12.082763314648343,0.002250046658217768,23.52444402654598
12,15,2025-03-22 13:15:00,6592.268514415952,14.832911740935822,11.866329392748659,0.002250046658217768,23.52444402654598
12,16,2025-03-22 13:30:00,6781.721657104637,15.259190151531353,12.207352121225084,0.002250046658217768,23.52444402654598
12,17,2025-03-22 13:45:00,6620.208486368462,14.895777981458266,11.916622385166614,0.002250046658217768,23.52444402654598
12,18,2025-03-22 14:00:00,5958.892673898531,13.40778654758373,10.726229238066985,0.002250046658217768,23.52444402654598
12,19,2025-03-22 14:15:00,6055.61333700391,13.625412552384594,10.900330041907676,0.002250046658217768,23.52444402654598
12,20,2025-03-22 14:30:00,5947.429051855123,13.381992863113888,10.705594290491112,0.002250046658217768,23.52444402654598
12,21,2025-03-22 14:45:00,5836.366726782907,13.132097449731253,10.505677959785004,0.002250046658217768,23.52444402654598
12,22,2025-03-22 15:00:00,5533.2323520065365,12.450030962774747,9.960024770219798,0.002250046658217768,23.52444402654598
12,23,2025-03-22 15:15:00,5106.94031038757,11.490853979105163,9.19268318328413,0.002250046658217768,23.52444402654598
13,0,2025-03-23 10:30:00,6264.669337067168,14.095798306707302,11.276638645365843,0.002250046658217768,23.52444402654598
13,1,2025-03-23 10:45:00,6305.946763756582,14.188674442689646,11.350939554151717,0.002250046658217768,23.52444402654598
13,2,2025-03-23 11:00:00,6291.999380221369,14.157292178975359,11.325833743180288,0.002250046658217768,23.52444402654598
13,3,2025-03-23 11:15:00,6542.108771421345,14.720049978833746,11.776039983066998,0.002250046658217768,23.52444402654598
13,4,2025-03-23 11:30:00,6652.653224429552,14.968780155909373,11.975024124727499,0.002250046658217768,23.52444402654598
13,5,2025-03-23 11:45:00,6656.887166819631,14.978306723835255,11.982645379068204,0.002250046658217768,23.52444402654598
13,6,2025-03-23 12:00:00,6271.167921165645,14.110420424141225,11.28833633931298,0.002250046658217768,23.52444402654598
13,7,2025-03-23 12:15:00,6688.142389181114,15.048632432461563,12.038905945969251,0.002250046658217768,23.52444402654598
13,8,2025-03-23 12:30:00,6800.825745015325,15.302175240693094,12.241740192554476,0.002250046658217768,23.52444402654598
13,9,2025-03-23 12:45:00,6834.97628193572,15.379015542167172,12.303212433733739,0.002250046658217768,23.52444402654598
13,10,2025-03-23 13:00:00,6233.398381176339,14.025437196905866,11.220349757524694,0.002250046658217768,23.52444402654598
13,11,2025-03-23 13:15:00,6311.135433712919,14.200349192185497,11.360279353748398,0.002250046658217768,23.52444402654598
13,12,2025-03-23 13:30:00,6393.556928629557,14.38580140138799,11.508641121110394,0.002250046658217768,23.52444402654598
13,13,2025-03-23 13:45:00,6561.99059710653,14.764785014275963,11.811828011420772,0.002250046658217768,23.52444402654598
13,14,2025-03-23 14:00:00,6365.521473952121,14.32272032027941,11.45817625622353,0.002250046658217768,23.52444402654598
13,15,2025-03-23 14:15:00,6540.575848590921,14.716600830941843,11.773280664753475,0.002250046658217768,23.52444402654598
13,16,2025-03-23 14:30:00,6765.808802542128,15.223385486300275,12.17870838904022,0.002250046658217768,23.52444402654598
13,17,2025-03-23 14:45:00,6917.817578771005,15.565412325273831,12.452329860219066,0.002250046658217768,23.52444402654598
13,18,2025-03-23 15:00:00,6455.974359371347,14.526243532843095,11.620994826274476,0.002250046658217768,23.52444402654598
13,19,2025-03-23 15:15:00,6066.104321367457,13.649017756693206,10.919214205354566,0.002250046658217768,23.52444402654598
13,20,2025-03-23 15:30:00,6133.985286548,13.801753095554284,11.041402476443428,0.002250046658217768,23.52444402654598
13,21,2025-03-23 15:45:00,5990.584969670806,13.479095691777385,10.783276553421908,0.002250046658217768,23.52444402654598
13,22,2025-03-23 16:00:00,6560.591822974704,14.761637707215048,11.80931016577204,0.002250046658217768,23.52444402654598
13,23,2025-03-23 16:15:00,6122.394484342621,13.775673249786008,11.020538599828807,0.002250046658217768,23.52444402654598
14,0,2025-03-30 11:15:00,3171.9018085988178,7.136927064632664,5.7095416517061315,0.002250046658217768,23.52444402654598
14,1,2025-03-30 11:30:00,3955.604494729554,8.900294674597415,7.120235739677932,0.002250046658217768,23.52444402654598
14,2,2025-03-30 11:45:00,4880.11454788287,10.980485430183766,8.784388344147013,0.002250046658217768,23.52444402654598
14,3,2025-03-30 12:00:00,5266.854018562222,11.85066728378675,9.4805338270294,0.002250046658217768,23.52444402654598
14,4,2025-03-30 12:15:00,5462.579610859629,12.291058998663223,9.83284719893058,0.002250046658217768,23.52444402654598
14,5,2025-03-30 12:30:00,5925.5517761924175,13.332767972118107,10.666214377694487,0.002250046658217768,23.52444402654598
14,6,2025-03-30 12:45:00,5753.670509567916,12.946027102539412,10.35682168203153,0.002250046658217768,23.52444402654598
14,7,2025-03-30 13:00:00,6384.977993785543,14.36649839771115,11.49319871816892,0.002250046658217768,23.52444402654598
14,8,2025-03-30 13:15:00,6576.725134970194,14.797938411956483,11.838350729565187,0.002250046658217768,23.52444402654598
14,9,2025-03-30 13:30:00,7044.911174707963,15.851378846092663,12.68110307687413,0.002250046658217768,23.52444402654598
14,10,2025-03-30 13:45:00,7214.077389215766,16.232010721729296,12.985608577383438,0.002250046658217768,23.52444402654598
14,11,2025-03-30 14:00:00,7104.377094250441,15.98517993963706,12.78814395170965,0.002250046658217768,23.52444402654598
14,12,2025-03-30 14:15:00,6994.339397245887,15.737589987213985,12.59007198977119,0.002250046658217768,23.52444402654598
14,13,2025-03-30 14:30:00,6866.321358416669,15.44954342675471,12.359634741403768,0.002250046658217768,23.52444402654598
14,14,2025-03-30 14:45:00,6947.183453581768,15.63148691375743,12.505189531005945,0.002250046658217768,23.52444402654598
14,15,2025-03-30 15:00:00,6791.0413836198095,15.280159971032319,12.224127976825855,0.002250046658217768,23.52444402654598
14,16,2025-03-30 15:15:00,6230.896017260085,14.019806761338453,11.215845409070763,0.002250046658217768,23.52444402654598
14,17,2025-03-30 15:30:00,5957.494476062672,13.404640537215627,10.723712429772503,0.002250046658217768,23.52444402654598
14,18,2025-03-30 15:45:00,5669.972030269019,12.75770161889502,10.206161295116017,0.002250046658217768,23.52444402654598
14,19,2025-03-30 16:00:00,5432.555583986667,12.223503537331476,9.778802829865182,0.002250046658217768,23.52444402654598
14,20,2025-03-30 16:15:00,5010.8781720706165,11.274709685803849,9.01976774864308,0.002250046658217768,23.52444402654598
14,21,2025-03-30 16:30:00,4263.2846079364035,9.592589285118551,7.674071428094841,0.002250046658217768,23.52444402654598
14,22,2025-03-30 16:45:00,3353.085045380694,7.544597801078803,6.035678240863042,0.002250046658217768,23.52444402654598
14,23,2025-03-30 17:00:00,4332.979899677653,9.749406943394462,7.7995255547155695,0.002250046658217768,23.52444402654598
15,0,2025-03-27 11:30:00,3934.026562120745,8.851743319439716,7.081394655551773,0.002250046658217768,23.52444402654598
15,1,2025-03-27 11:45:00,4887.669827113741,10.997485160969088,8.797988128775271,0.002250046658217768,23.52444402654598
15,2,2025-03-27 12:00:00,4094.4070491639663,9.212606898354656,7.370085518683725,0.002250046658217768,23.52444402654598
15,3,2025-03-27 12:15:00,4512.536544409741,10.153417771834691,8.122734217467753,0.002250046658217768,23.52444402654598
15,4,2025-03-27 12:30:00,4839.345453032042,10.888753064556097,8.711002451644879,0.002250046658217768,23.52444402654598
15,5,2025-03-27 12:45:00,5655.991637284763,12.726245082380222,10.180996065904178,0.002250046658217768,23.52444402654598
15,6,2025-03-27 13:00:00,5687.53755490129,12.797224868893702,10.237779895114961,0.002250046658217768,23.52444402654598
15,7,2025-03-27 13:15:00,5291.1782268182205,11.905397887286952,9.524318309829562,0.002250046658217768,23.52444402654598
15,8,2025-03-27 13:30:00,4852.799637472634,10.919025607295694,8.735220485836555,0.002250046658217768,23.52444402654598
15,9,2025-03-27 13:45:00,5038.042188317857,11.335829989784724,9.06866399182778,0.002250046658217768,23.52444402654598
15,10,2025-03-27 14:00:00,5753.038647259975,12.944605382864975,10.35568430629198,0.002250046658217768,23.52444402654598
15,11,2025-03-27 14:15:00,6200.13587346393,13.950595002583617,11.160476002066893,0.002250046658217768,23.52444402654598
15,12,2025-03-27 14:30:00,6479.029190322118,14.578117978179652,11.662494382543722,0.002250046658217768,23.52444402654598
15,13,2025-03-27 14:45:00,6704.5518351268465,15.085554451474964,12.068443561179972,0.002250046658217768,23.52444402654598
15,14,2025-03-27 15:00:00,6889.676965204707,15.502094631758784,12.401675705407028,0.002250046658217768,23.52444402654598
15,15,2025-03-27 15:15:00,6865.28080071697,15.44720212337982,12.357761698703856,0.002250046658217768,23.52444402654598
15,16,2025-03-27 15:30:00,6691.595801878324,15.056402772160368,12.045122217728295,0.002250046658217768,23.52444402654598
15,17,2025-03-27 15:45:00,6406.36275950843,14.4146151183627,11.531692094690161,0.002250046658217768,23.52444402654598
15,18,2025-03-27 16:00:00,7087.874233236137,15.948047732360795,12.758438185888636,0.002250046658217768,23.52444402654598
15,19,2025-03-27 16:15:00,7034.52638148871,15.8280125768134,12.662410061450721,0.002250046658217768,23.52444402654598
15,20,2025-03-27 16:30:00,6399.023343533333,14.398101089974665,11.518480871979733,0.002250046658217768,23.52444402654598
15,21,2025-03-27 16:45:00,5482.366269488536,12.335579903788492,9.868463923030795,0.002250046658217768,23.52444402654598
15,22,2025-03-27 17:00:00,5577.0423511132,12.54860550486122,10.038884403888977,0.002250046658217768,23.52444402654598
15,23,2025-03-27 17:15:00,3130.2124282404334,7.043124013674112,5.63449921093929,0.002250046658217768,23.52444402654598
16,0,2025-03-10 11:00:00,4378.181817756357,9.851113368112484,7.880890694489988,0.002250046658217768,23.52444402654598
16,1,2025-03-10 11:15:00,4583.915248607774,10.314023186683391,8.251218549346714,0.002250046658217768,23.52444402654598
16,2,2025-03-10 11:30:00,4970.423310314073,11.183684359299876,8.946947487439902,0.002250046658217768,23.52444402654598
16,3,2025-03-10 11:45:00,5248.26085130887,11.80883178994266,9.447065431954128,0.002250046658217768,23.52444402654598
16,4,2025-03-10 12:00:00,5333.49259647887,12.000607193336487,9.60048575466919,0.002250046658217768,23.52444402654598
16,5,2025-03-10 12:15:00,5781.214515184826,13.008002400331671,10.406401920265338,0.002250046658217768,23.52444402654598
16,6,2025-03-10 12:30:00,5941.571392402077,13.368812856036584,10.695050284829268,0.002250046658217768,23.52444402654598
16,7,2025-03-10 12:45:00,5944.939988186667,13.376392353724587,10.70111388297967,0.002250046658217768,23.52444402654598
16,8,2025-03-10 13:00:00,4100.246808728293,9.225746629847164,7.380597303877732,0.002250046658217768,23.52444402654598
16,9,2025-03-10 13:15:00,6150.172648361986,13.838175414909205,11.070540331927365,0.002250046658217768,23.52444402654598
16,10,2025-03-10 13:30:00,6295.1542429427,14.164390767298626,11.331512613838902,0.002250046658217768,23.52444402654598
16,11,2025-03-10 13:45:00,6479.212310715407,14.578530007608624,11.6628240060869,0.002250046658217768,23.52444402654598
16,12,2025-03-10 14:00:00,6226.168275468146,14.009169121718585,11.207335297374868,0.002250046658217768,23.52444402654598
16,13,2025-03-10 14:15:00,6402.962929030073,14.406965341156367,11.525572272925094,0.002250046658217768,23.52444402654598
16,14,2025-03-10 14:30:00,6234.76447925686,14.02851098132674,11.222808785061392,0.002250046658217768,23.52444402654598
16,15,2025-03-10 14:45:00,6211.70920148797,13.976635530628567,11.181308424502854,0.002250046658217768,23.52444402654598
16,16,2025-03-10 15:00:00,6069.167874831183,13.655910894926537,10.92472871594123,0.002250046658217768,23.52444402654598
16,17,2025-03-10 15:15:00,5898.0957873544,13.270990716185063,10.61679257294805,0.002250046658217768,23.52444402654598
16,18,2025-03-10 15:30:00,5790.99513138161,13.030009243120556,10.424007394496446,0.002250046658217768,23.52444402654598
16,19,2025-03-10 15:45:00,5193.032132816244,11.684564596460676,9.34765167716854,0.002250046658217768,23.52444402654598
16,20,2025-03-10 16:00:00,5464.382164323167,12.295114828060116,9.836091862448093,0.002250046658217768,23.52444402654598
16,21,2025-03-10 16:15:00,5827.7164930305835,13.112634020184034,10.490107216147228,0.002250046658217768,23.52444402654598
16,22,2025-03-10 16:30:00,5781.26176889322,13.00810872338033,10.406486978704265,0.002250046658217768,23.52444402654598
16,23,2025-03-10 16:45:00,4694.318142454486,10.562434849040757,8.449947879232607,0.002250046658217768,23.52444402654598
17,0,2025-02-22 09:45:00,4980.611048929267,11.206607246525788,8.96528579722063,0.002250046658217768,23.52444402654598
17,1,2025-02-22 10:00:00,4483.866654034417,10.088909180804224,8.07112734464338,0.002250046658217768,23.52444402654598
17,2,2025-02-22 10:15:00,4633.18511782197,10.42488269125962,8.339906153007696,0.002250046658217768,23.52444402654598
17,3,2025-02-22 10:30:00,4479.620056248733,10.079354137647751,8.063483310118201,0.002250046658217768,23.52444402654598
17,4,2025-02-22 10:45:00,4991.18823120519,11.23040640015909,8.984325120127272,0.002250046658217768,23.52444402654598
17,5,2025-02-22 11:00:00,4823.324048119717,10.852704155973166,8.682163324778534,0.002250046658217768,23.52444402654598
17,6,2025-02-22 11:15:00,4876.105669496116,10.97146526676645,8.77717221341316,0.002250046658217768,23.52444402654598
17,7,2025-02-22 11:30:00,4860.183670830759,10.935640026877314,8.74851202150185,0.002250046658217768,23.52444402654598
17,8,2025-02-22 11:45:00,4965.06135015926,11.17161969877204,8.937295759017633,0.002250046658217768,23.52444402654598
17,9,2025-02-22 12:00:00,5145.042411372295,11.576585484096919,9.261268387277536,0.002250046658217768,23.52444402654598
17,10,2025-02-22 12:15:00,5783.666352748867,13.013519149249134,10.410815319399308,0.002250046658217768,23.52444402654598
17,11,2025-02-22 12:30:00,5858.236485498346,13.181305427244956,10.545044341795965,0.002250046658217768,23.52444402654598
17,12,2025-02-22 12:45:00,5969.561342099401,13.431791548816731,10.745433239053385,0.002250046658217768,23.52444402654598
17,13,2025-02-22 13:00:00,5485.825838514777,12.34336409551486,9.874691276411887,0.002250046658217768,23.52444402654598
17,14,2025-02-22 13:15:00,5963.843935406073,13.418927116992736,10.735141693594189,0.002250046658217768,23.52444402654598
17,15,2025-02-22 13:30:00,5780.33405358213,13.006021320644836,10.404817056515869,0.002250046658217768,23.52444402654598
17,16,2025-02-22 13:45:00,6294.690878583152,14.163348175869887,11.33067854069591,0.002250046658217768,23.52444402654598
17,17,2025-02-22 14:00:00,6864.613922545516,15.445701616378702,12.356561293102963,0.002250046658217768,23.52444402654598
17,18,2025-02-22 14:15:00,6475.736074961821,14.57070831496809,11.656566651974472,0.002250046658217768,23.52444402654598
17,19,2025-02-22 14:30:00,6399.60854976923,14.399417831310112,11.51953426504809,0.002250046658217768,23.52444402654598
17,20,2025-02-22 14:45:00,6185.955719738737,13.918688995081231,11.134951196064986,0.002250046658217768,23.52444402654598
17,21,2025-02-22 15:00:00,6412.53921726039,14.428512436487122,11.542809949189698,0.002250046658217768,23.52444402654598
17,22,2025-02-22 15:15:00,6091.397492808526,13.705928572569915,10.964742858055933,0.002250046658217768,23.52444402654598
17,23,2025-02-22 15:30:00,5405.652518884551,12.162970385602643,9.730376308482114,0.002250046658217768,23.52444402654598
18,0,2025-02-02 09:45:00,3677.8807832185666,8.275403365604284,6.620322692483427,0.002250046658217768,23.52444402654598
18,1,2025-02-02 10:00:00,3945.19315052062,8.876868664352548,7.101494931482039,0.002250046658217768,23.52444402654598
18,2,2025-02-02 10:15:00,4155.718704300761,9.350560983105,7.480448786484001,0.002250046658217768,23.52444402654598
18,3,2025-02-02 10:30:00,4399.1151583525725,9.898214361166334,7.918571488933067,0.002250046658217768,23.52444402654598
18,4,2025-02-02 10:45:00,4731.222262814973,10.645470841732337,8.516376673385869,0.002250046658217768,23.52444402654598
18,5,2025-02-02 11:00:00,4520.5201222361675,10.171381194443665,8.137104955554932,0.002250046658217768,23.52444402654598
18,6,2025-02-02 11:15:00,4679.68862925401,10.529517761752674,8.423614209402139,0.002250046658217768,23.52444402654598
18,7,2025-02-02 11:30:00,5166.049423709604,11.62385224200562,9.299081793604497,0.002250046658217768,23.52444402654598
18,8,2025-02-02 11:45:00,4951.069049586392,11.140136369627282,8.912109095701826,0.002250046658217768,23.52444402654598
18,9,2025-02-02 12:00:00,4982.91148291387,11.211783330325295,8.969426664260236,0.002250046658217768,23.52444402654598
18,10,2025-02-02 12:15:00,5138.922388470371,11.562815147018227,9.250252117614583,0.002250046658217768,23.52444402654598
18,11,2025-02-02 12:30:00,5622.692123827823,12.651319623406158,10.121055698724927,0.002250046658217768,23.52444402654598
18,12,2025-02-02 12:45:00,5862.222561049934,13.190274283219209,10.552219426575368,0.002250046658217768,23.52444402654598
18,13,2025-02-02 13:00:00,5509.6514221986035,12.39697277046274,9.917578216370194,0.002250046658217768,23.52444402654598
18,14,2025-02-02 13:15:00,5564.730118207804,12.520902406357234,10.016721925085788,0.002250046658217768,23.52444402654598
18,15,2025-02-02 13:30:00,6117.487630185858,13.764632598988221,11.011706079190578,0.002250046658217768,23.52444402654598
18,16,2025-02-02 13:45:00,6279.757171063713,14.129746637170971,11.303797309736778,0.002250046658217768,23.52444402654598
18,17,2025-02-02 14:00:00,6748.524402176183,15.18449477901758,12.147595823214065,0.002250046658217768,23.52444402654598
18,18,2025-02-02 14:15:00,6374.464494659033,14.342842534135372,11.474274027308297,0.002250046658217768,23.52444402654598
18,19,2025-02-02 14:30:00,6816.290397223866,15.336971429715422,12.269577143772338,0.002250046658217768,23.52444402654598
18,20,2025-02-02 14:45:00,6614.215507376193,14.882293499103943,11.905834799283156,0.002250046658217768,23.52444402654598
18,21,2025-02-02 15:00:00,6617.738559977431,14.890220531836082,11.912176425468866,0.002250046658217768,23.52444402654598
18,22,2025-02-02 15:15:00,5808.3807991419235,13.069127806765533,10.455302245412426,0.002250046658217768,23.52444402654598
18,23,2025-02-02 15:30:00,4476.83547891297,10.073088708718869,8.058470966975095,0.002250046658217768,23.52444402654598
19,0,2025-02-25 10:15:00,4682.132242519847,10.535016005615445,8.428012804492356,0.002250046658217768,23.52444402654598
19,1,2025-02-25 10:30:00,4960.148687379315,11.160565978301076,8.92845278264086,0.002250046658217768,23.52444402654598
19,2,2025-02-25 10:45:00,5053.025599416681,11.369543363856337,9.09563469108507,0.002250046658217768,23.52444402654598
19,3,2025-02-25 11:00:00,4386.7031548430705,9.87028677414799,7.896229419318392,0.002250046658217768,23.52444402654598
19,4,2025-02-25 11:15:00,4216.8266621304765,9.488056739410263,7.590445391528211,0.002250046658217768,23.52444402654598
19,5,2025-02-25 11:30:00,4287.893567306807,9.647960591912145,7.718368473529717,0.002250046658217768,23.52444402654598
19,6,2025-02-25 11:45:00,4604.176609732844,10.359612194573797,8.287689755659038,0.002250046658217768,23.52444402654598
19,7,2025-02-25 12:00:00,4082.2577214910466,9.185270344224609,7.348216275379688,0.002250046658217768,23.52444402654598
19,8,2025-02-25 12:15:00,4409.68014266208,9.921986068806062,7.93758885504485,0.002250046658217768,23.52444402654598
19,9,2025-02-25 12:30:00,4813.681936885333,10.831008955812075,8.66480716464966,0.002250046658217768,23.52444402654598
19,10,2025-02-25 12:45:00,5065.405724944121,11.39739922392767,9.117919379142135,0.002250046658217768,23.52444402654598
19,11,2025-02-25 13:00:00,5387.740489394407,12.122667483506447,9.698133986805159,0.002250046658217768,23.52444402654598
19,12,2025-02-25 13:15:00,5601.514309888553,12.603668553923745,10.082934843138997,0.002250046658217768,23.52444402654598
19,13,2025-02-25 13:30:00,5884.920978290026,13.24134678107711,10.59307742486169,0.002250046658217768,23.52444402654598
19,14,2025-02-25 13:45:00,5713.6470411248765,12.855972431118866,10.284777944895094,0.002250046658217768,23.52444402654598
19,15,2025-02-25 14:00:00,6243.799138165844,14.048839385413038,11.239071508330431,0.002250046658217768,23.52444402654598
19,16,2025-02-25 14:15:00,6133.443068289803,13.800533079174404,11.040426463339523,0.002250046658217768,23.52444402654598
19,17,2025-02-25 14:30:00,6062.174066219345,13.640174499231255,10.912139599385005,0.002250046658217768,23.52444402654598
19,18,2025-02-25 14:45:00,5901.337726431625,13.27828523037192,10.622628184297536,0.002250046658217768,23.52444402654598
19,19,2025-02-25 15:00:00,6151.633257095,13.841461852707887,11.07316948216631,0.002250046658217768,23.52444402654598
19,20,2025-02-25 15:15:00,5999.853189652654,13.499949619175169,10.799959695340135,0.002250046658217768,23.52444402654598
19,21,2025-02-25 15:30:00,5650.352321913603,12.713556359674708,10.170845087739767,0.002250046658217768,23.52444402654598
19,22,2025-02-25 15:45:00,4535.417956913302,10.204902017573632,8.163921614058905,0.002250046658217768,23.52444402654598
19,23,2025-02-25 16:00:00,4168.471933276666,9.379256343343721,7.503405074674977,0.002250046658217768,23.52444402654598
