event_id,method,solver_energy_reported,qubo_energy_recomputed,wall_time_s,status,best_bound,mip_gap,objective_direct,tracking_objective,once_penalty,duplicate_starts,n_jobs_scheduled,tracking_RMSE_kW,max_envelope_violation_kW,envelope_violation_kWh,max_concurrent_gpus,cluster_gpu_capacity,allocated_curtailment_kWh,target_energy_kWh,scheduled_gpu_energy_kWh,renewable_absorbed_kWh,capture_fraction_of_envelope,target_energy_ratio,completed_baseline_gpu_hours,cap250_jobs,cap300_jobs,cap350_jobs,cap400_jobs
0,CPLEX-QUBO,0.23869690356790407,0.23869690356790413,30.078925132751465,time limit exceeded,-1139.7261971509386,4775.784170374178,0.23869690356790496,0.23869690356790496,0.0,0,9,2.346049331245393,0.0,0.0,70,256,117.92975665997226,94.3438053279778,91.19485632551613,91.19485632551613,0.7732980963274514,0.9666226204093142,266.9525,5,3,0,1
0,CPLEX-constrained,0.09200772957113834,0.09200772957114411,30.165969848632812,time limit exceeded,-13.003932255527536,142.3352150075572,0.09200772957114137,0.09200772957114137,0.0,0,11,1.4565516995386258,0.0,0.0,77,256,117.92975665997226,94.3438053279778,91.5644858492831,91.5644858492831,0.7764324157243169,0.970540519655396,270.44722222222225,9,0,0,2
0,SA,0.02325934113468975,0.023259530228835146,420.36374020576477,ok,,,0.023259530228837026,0.023259530228837026,0.0,0,10,0.7323424638810894,0.0,0.0,59,256,117.92975665997226,94.3438053279778,96.85300875484613,96.85300875484613,0.8212771017081222,1.0265963771351527,266.9633333333333,3,1,2,4
1,CPLEX-QUBO,0.10544930037748834,0.10544930037749245,30.057039260864258,time limit exceeded,-1140.2656574470368,10814.401817590668,0.10544930037749232,0.10544930037749232,0.0,0,9,1.5593212545703767,0.0,0.0,71,256,117.2907386750212,93.83259094001696,94.03601626839163,94.03601626839163,0.8017343682090562,1.0021679602613203,267.90055555555557,4,2,1,2
1,CPLEX-constrained,0.07719949434333628,0.07719949434334505,30.099089860916138,time limit exceeded,-13.02104267473715,169.6674604351778,0.0771994943433418,0.0771994943433418,0.0,0,9,1.3342001193536634,0.0,0.0,66,256,117.2907386750212,93.83259094001696,92.02462600866167,92.02462600866167,0.7845856121994027,0.9807320152492535,259.2002777777778,6,0,1,2
1,SA,0.024924981640651822,0.024925165912602465,422.4888789653778,ok,,,0.024925165912605164,0.024925165912605164,0.0,0,10,0.7581109616697704,0.0,0.0,61,256,117.2907386750212,93.83259094001696,93.31815061235494,93.31815061235494,0.7956139731621319,0.9945174664526649,260.4469444444445,4,0,1,5
2,CPLEX-QUBO,0.1937384732880023,0.19373847328799826,30.08766484260559,time limit exceeded,-1136.127375312953,5865.2321034372835,0.19373847328799884,0.19373847328799884,0.0,0,9,2.1135945666102605,0.0,0.0,73,256,115.95418059483131,92.76334447586504,93.21488049502328,93.21488049502328,0.8038940900348905,1.0048676125436133,281.97583333333336,6,3,0,0
2,CPLEX-constrained,0.07511916972028843,0.07511916972028687,30.21700406074524,time limit exceeded,-12.936266597729055,173.20992495759967,0.07511916972029108,0.07511916972029108,0.0,0,11,1.3161007507425089,0.0,0.0,69,256,115.95418059483131,92.76334447586504,91.41821861499511,91.41821861499511,0.7883995052703611,0.9854993815879515,270.44722222222225,7,1,1,2
2,SA,0.0165253902960103,0.016525579465936913,416.89042615890503,ok,,,0.016525579465935147,0.016525579465935147,0.0,0,8,0.6172940568966109,0.0,0.0,58,256,115.95418059483131,92.76334447586504,91.83746066029441,91.83746066029441,0.7920150889703074,0.9900188612128843,252.7513888888889,3,1,2,2
