event_id,method,solver_energy_reported,qubo_energy_recomputed,wall_time_s,status,best_bound,mip_gap,objective_direct,tracking_objective,once_penalty,duplicate_starts,n_jobs_scheduled,tracking_RMSE_kW,max_envelope_violation_kW,envelope_violation_kWh,allocated_curtailment_kWh,scheduled_gpu_energy_kWh,renewable_absorbed_kWh,capture_fraction,target_energy_kWh
0,CPLEX-QUBO,2.0725766910818493,2.0725766910818786,30.06875705718994,time limit exceeded,-207.82478604899734,101.27362892438447,2.0725766910818813,2.0725766910818813,0.0,0,34,88.15986950737309,0.0,0.0,1503.9219187526219,680.7,680.7,0.4526165830235283,1203.1375350020976
0,CPLEX-constrained,1.7067009532951936,1.7067009532951902,0.8949718475341797,"integer optimal, tolerance",1.7026692590288004,0.002362273401425589,1.7067009532951922,1.7067009532951922,0.0,0,48,80.00080358882009,0.0,0.0,1503.9219187526219,723.7,723.7,0.4812084929251174,1203.1375350020976
0,SA,1.7300427682348527,1.7300428236069199,155.75283122062683,ok,,,1.7300428236069159,1.7300428236069159,0.0,0,48,80.54601534853188,0.0,0.0,1503.9219187526219,723.7,723.7,0.4812084929251174,1203.1375350020976
1,CPLEX-QUBO,1.6835862901607648,1.6835862901608856,30.086137056350708,time limit exceeded,-207.64026061118992,124.33211657296714,1.6835862901608847,1.6835862901608847,0.0,0,48,79.45721231016928,0.0,0.0,1495.7727189131274,723.6999999999999,723.6999999999999,0.4838301908099124,1196.618175130502
1,CPLEX-constrained,1.6578219959588019,1.6578219959587914,1.5771217346191406,"integer optimal, tolerance",1.656678521250111,0.0006897451664951601,1.6578219959587943,1.6578219959587943,0.0,0,48,78.846892677172,0.0,0.0,1495.7727189131274,723.7,723.7,0.4838301908099125,1196.618175130502
1,SA,1.6826655455952277,1.682665602062761,155.05358839035034,ok,,,1.68266560206276,1.68266560206276,0.0,0,48,79.43548330397033,0.0,0.0,1495.7727189131274,723.7,723.7,0.4838301908099125,1196.618175130502
2,CPLEX-QUBO,2.086541242375441,2.0865412423754397,30.974194049835205,time limit exceeded,-206.51282595542688,99.97375702496211,2.086541242375436,2.086541242375436,0.0,0,31,88.45637149978448,0.0,0.0,1478.7280047594372,680.0,680.0,0.4598546844391602,1182.9824038075499
2,CPLEX-constrained,1.5736880614149076,1.5736880614149082,0.8571441173553467,"integer optimal, tolerance",1.562520936646239,0.007096148875857041,1.5736880614149027,1.5736880614149027,0.0,0,48,76.82011605241094,0.0,0.0,1478.7280047594372,723.7,723.7,0.4894071104832651,1182.9824038075499
2,SA,1.5943115850532195,1.5943116427692035,154.8967890739441,ok,,,1.594311642769203,1.594311642769203,0.0,0,48,77.32185111845493,0.0,0.0,1478.7280047594372,723.7,723.7,0.4894071104832651,1182.9824038075499
