metric,mean,std,min,max
D-Wave objective,0.011607161452942516,0.0036125678878497023,0.0052253662356206,0.0205666663048504
Tracking RMSE [kW],0.5113178064329993,0.08075721097090478,0.3471139875463713,0.6886454750116312
Target-energy ratio,0.9994371596087823,0.008895164951471106,0.9839566575775708,1.020456254075292
Envelope capture fraction,0.7995456207751792,0.007105933039465582,0.7871653260620565,0.8162828650233003
Scheduled jobs,8.0,1.1697953037312037,6.0,10.0
Baseline-equivalent GPU-hours,210.25933333333333,34.603420532542465,156.4427777777778,269.3408333333333
Peak concurrent GPUs,51.1,9.623983199880335,37.0,70.0
Hybrid run time [s],29.991656850000005,0.0036995162454025155,29.987324,29.999121
QPU access time [s],1.6096536999999997,0.07163555587180964,1.3436,1.653662
